,SRN,LSTM,GRU
0,0.017294422,0.025060248,0.02389508
1,0.01729455,0.025060281,0.023895122
2,0.017294846,0.02506037,0.023895241
3,0.01729455,0.025060281,0.023895122
4,0.017309006,0.025064845,0.023901137
5,0.017282773,0.025056563,0.02389023
6,0.017244508,0.025044497,0.023874328
7,0.017246248,0.025045037,0.023875047
8,0.017245738,0.02504488,0.023874836
9,0.017346464,0.025076646,0.02391668
10,0.017321846,0.025068894,0.023906466
11,0.017316785,0.0250673,0.023904368
12,0.017328138,0.025070883,0.023909088
13,0.017338045,0.025074007,0.023913203
14,0.017267594,0.025051769,0.023883909
15,0.017274054,0.02505383,0.023886625
16,0.017231112,0.025040276,0.023868771
17,0.017195825,0.025029143,0.023854101
18,0.017182048,0.02502479,0.023848377
19,0.017173545,0.0250221,0.02384483
20,0.01700084,0.024967644,0.023773085
21,0.016967421,0.024957113,0.023759201
22,0.016968569,0.02495746,0.02375966
23,0.016972182,0.02495861,0.023761176
24,0.016954072,0.024952896,0.023753643
25,0.016952967,0.024952546,0.023753177
26,0.017046122,0.024981918,0.023791889
27,0.017071972,0.02499007,0.02380263
28,0.016988425,0.024963733,0.023767924
29,0.016895995,0.024934586,0.023729512
30,0.01687686,0.024928546,0.023721557
31,0.016887786,0.024932,0.023726106
32,0.01686453,0.024924662,0.023716442
33,0.01694663,0.024950545,0.023750547
34,0.016946249,0.024950419,0.023750383
35,0.016916273,0.024940975,0.023737932
36,0.016916867,0.024941169,0.023738192
37,0.016939871,0.024948409,0.023747737
38,0.01694765,0.024950879,0.023750983
39,0.016935363,0.024946999,0.023745876
40,0.016914444,0.024940394,0.023737174
41,0.016910532,0.024939168,0.023735557
42,0.01690866,0.024938585,0.02373479
43,0.016927157,0.02494441,0.02374246
44,0.016927369,0.024944473,0.02374255
45,0.016947778,0.024950916,0.023751032
46,0.016951306,0.024952028,0.023752503
47,0.016947227,0.024950743,0.023750812
48,0.01695692,0.024953794,0.023754828
49,0.016873414,0.02492747,0.023720145
50,0.016862743,0.024924114,0.023715712
51,0.016897948,0.024935203,0.023730326
52,0.016897907,0.024935182,0.023730304
53,0.016897393,0.02493503,0.0237301
54,0.016899647,0.024935747,0.023731044
55,0.01680441,0.024905719,0.02369147
56,0.016792037,0.024901813,0.02368632
57,0.016783789,0.024899218,0.023682907
58,0.016777923,0.024897352,0.023680441
59,0.016828006,0.024913142,0.023701254
60,0.016823754,0.024911817,0.02369951
61,0.01681759,0.024909876,0.023696948
62,0.016794544,0.024902606,0.023687365
63,0.016758833,0.024891345,0.023672521
64,0.016733024,0.024883214,0.023661815
65,0.016781025,0.024898352,0.023681756
66,0.016786002,0.024899904,0.02368381
67,0.016778687,0.024897605,0.023680773
68,0.016781237,0.02489841,0.023681838
69,0.016763723,0.024892889,0.023674563
70,0.016751306,0.024888972,0.023669403
71,0.016750667,0.024888776,0.023669142
72,0.01676725,0.024893992,0.023676015
73,0.016777283,0.024897167,0.023680195
74,0.016778601,0.024897575,0.023680734
75,0.016814742,0.024908977,0.023695763
76,0.016851986,0.024920713,0.023711232
77,0.016812617,0.024908304,0.023694877
78,0.016813042,0.02490843,0.023695044
79,0.016816529,0.024909524,0.023696486
80,0.016853264,0.02492111,0.023711756
81,0.016874861,0.024927929,0.023720741
82,0.016872777,0.02492726,0.023719857
83,0.016918229,0.024941597,0.023738755
84,0.017097905,0.024998257,0.023813412
85,0.0172596,0.025049262,0.023880605
86,0.017258963,0.025049051,0.023880327
87,0.017271124,0.02505289,0.023885392
88,0.017275883,0.025054382,0.023887353
89,0.017271038,0.025052868,0.023885356
90,0.017296547,0.025060914,0.023895962
91,0.01742627,0.025101842,0.023949863
92,0.017520571,0.025131606,0.023989053
93,0.017515002,0.025129851,0.023986744
94,0.017394295,0.025091752,0.023936575
95,0.01738864,0.025089962,0.023934215
96,0.017470274,0.025115728,0.023968147
97,0.017391318,0.025090825,0.023935348
98,0.017381327,0.025087666,0.023931189
99,0.017287875,0.02505817,0.023892343
100,0.017286897,0.02505787,0.023891952
101,0.017281072,0.02505602,0.023889508
102,0.01727512,0.02505415,0.02388705
103,0.017275799,0.025054367,0.023887333
104,0.017281879,0.02505628,0.023889847
105,0.017286215,0.025057659,0.02389167
106,0.017250968,0.025046531,0.023877013
107,0.017231284,0.025040327,0.023868833
108,0.017237449,0.025042266,0.023871396
109,0.01723864,0.025042636,0.023871886
110,0.017235832,0.02504177,0.023870736
111,0.01723392,0.02504116,0.023869932
112,0.017226435,0.025038803,0.02386683
113,0.017136047,0.025010273,0.023829248
114,0.017093316,0.024996802,0.023811493
115,0.017096076,0.024997681,0.023812657
116,0.017013041,0.0249715,0.023778163
117,0.017003814,0.02496859,0.023774326
118,0.017022055,0.024974335,0.023781894
119,0.017022865,0.024974586,0.023782225
120,0.017009087,0.024970248,0.023776505
121,0.017007174,0.024969647,0.023775717
122,0.01696708,0.024956992,0.023759045
123,0.01696891,0.024957567,0.023759805
124,0.016958533,0.024954304,0.023755498
125,0.016959768,0.024954688,0.023756003
126,0.016947184,0.024950719,0.023750775
127,0.016930005,0.024945313,0.023743648
128,0.016914913,0.024940547,0.023737371
129,0.016914913,0.024940543,0.023737367
130,0.016924182,0.024943482,0.023741238
131,0.016930515,0.024945471,0.023743864
132,0.016930727,0.024945546,0.023743957
133,0.016948162,0.02495103,0.023751184
134,0.01694795,0.02495097,0.023751106
135,0.016948331,0.024951078,0.023751251
136,0.01692941,0.024945118,0.023743397
137,0.016928814,0.024944939,0.023743158
138,0.016928729,0.024944913,0.023743123
139,0.016908832,0.024938628,0.023734841
140,0.016903771,0.024937049,0.02373276
141,0.016885193,0.024931177,0.023725022
142,0.01688515,0.02493117,0.023725014
143,0.01688515,0.02493117,0.02372501
144,0.016885022,0.024931137,0.02372497
145,0.016884003,0.0249308,0.02372453
146,0.016878856,0.024929188,0.023722399
147,0.01686538,0.02492493,0.023716792
148,0.016835108,0.024915379,0.023704203
149,0.016795056,0.024902776,0.02368759
150,0.01680305,0.024905277,0.023690887
151,0.016803091,0.024905292,0.02369091
152,0.016789956,0.02490116,0.023685455
153,0.016860873,0.024923515,0.023714926
154,0.016849646,0.024919974,0.023710262
155,0.01725824,0.025048818,0.023880027
156,0.0172474,0.025045399,0.02387552
157,0.017265808,0.025051214,0.023883179
158,0.017286515,0.02505774,0.02389178
159,0.017263979,0.025050636,0.023882419
160,0.017293274,0.025059871,0.023894582
161,0.017335068,0.025073068,0.023911962
162,0.017376268,0.025086062,0.023929082
163,0.017419593,0.025099738,0.023947092
164,0.017566703,0.025146168,0.024008233
165,0.017627545,0.02516536,0.024033498
166,0.017629161,0.025165875,0.024034176
167,0.017636176,0.025168087,0.024037095
168,0.017708115,0.025190797,0.024066988
169,0.017777165,0.0252126,0.024095695
170,0.017804887,0.02522135,0.02410721
171,0.017805653,0.02522159,0.024107527
172,0.017806843,0.025221972,0.024108026
173,0.017787708,0.02521592,0.024100063
174,0.01778788,0.02521598,0.024100143
175,0.017757734,0.025206465,0.024087623
176,0.017721212,0.025194934,0.024072442
177,0.01776526,0.025208835,0.024090739
178,0.017695447,0.025186792,0.024061723
179,0.017697616,0.025187483,0.02406263
180,0.017693449,0.025186162,0.024060892
181,0.01761985,0.025162935,0.024030313
182,0.01761968,0.025162876,0.024030235
183,0.01736602,0.025082834,0.023924824
184,0.01736989,0.02508404,0.023926416
185,0.017377289,0.0250864,0.023929523
186,0.017287022,0.025057908,0.023892
187,0.017285492,0.02505743,0.023891365
188,0.0172988,0.025061633,0.0238969
189,0.017301565,0.025062487,0.02389803
190,0.017320443,0.025068458,0.023905888
191,0.01728056,0.02505587,0.023889314
192,0.017285578,0.025057439,0.02389138
193,0.017292297,0.02505957,0.023894183
194,0.017284855,0.025057225,0.023891099
195,0.017282303,0.02505643,0.023890048
196,0.017255858,0.025048088,0.023879059
197,0.01724791,0.025045559,0.023875736
198,0.017233409,0.025040997,0.02386972
199,0.017207049,0.025032677,0.023858763
200,0.017217848,0.025036087,0.023863256
201,0.017244633,0.025044527,0.023874376
202,0.017239403,0.025042892,0.023872219
203,0.01725352,0.02504733,0.023878062
204,0.017257389,0.025048569,0.023879696
205,0.017257474,0.025048584,0.023879714
206,0.017229455,0.025039759,0.023868091
207,0.017208792,0.025033224,0.023859482
208,0.01720841,0.025033105,0.023859328
209,0.017185366,0.025025839,0.023849757
210,0.017156538,0.025016751,0.023837779
211,0.01720875,0.025033217,0.02385947
212,0.01720943,0.025033437,0.023859758
213,0.018165095,0.025335114,0.02425693
214,0.018201152,0.025346497,0.024271905
215,0.018196687,0.02534509,0.024270054
216,0.01831612,0.025382828,0.0243197
217,0.018465782,0.025430128,0.024381924
218,0.01844414,0.025423285,0.024372928
219,0.018601159,0.025472915,0.024438191
220,0.018566167,0.025461853,0.024423646
221,0.018563105,0.025460893,0.024422381
222,0.018580368,0.025466345,0.024429554
223,0.018567612,0.025462314,0.024424253
224,0.018628497,0.025481565,0.024449565
225,0.01865252,0.025489155,0.024459545
226,0.018652776,0.025489245,0.024459662
227,0.018737089,0.025515895,0.024494702
228,0.018662896,0.025492445,0.024463866
229,0.018714555,0.025508767,0.024485325
230,0.018719487,0.025510332,0.024487393
231,0.018724462,0.025511894,0.024489442
232,0.018690959,0.0255013,0.024475515
233,0.018715914,0.025509197,0.0244859
234,0.018704265,0.025505513,0.024481056
235,0.01869453,0.02550244,0.024477014
236,0.018641932,0.0254858,0.024455132
237,0.018641891,0.025485791,0.02445512
238,0.018779946,0.025529444,0.024512522
239,0.018804861,0.025537333,0.024522886
240,0.01880516,0.02553742,0.024523005
241,0.018813109,0.025539933,0.024526305
242,0.018970171,0.025589613,0.024591612
243,0.018970087,0.025589593,0.024591586
244,0.018994322,0.025597248,0.02460165
245,0.018994322,0.025597258,0.024601663
246,0.0190132,0.025603225,0.024609502
247,0.019034544,0.025609983,0.024618387
248,0.019012734,0.025603065,0.0246093
249,0.018619144,0.025478598,0.024445666
250,0.015388258,0.024459787,0.023103198
251,0.015394803,0.024461854,0.023105923
252,0.01539387,0.024461567,0.02310555
253,0.015291745,0.024429433,0.023063116
254,0.015198931,0.024400255,0.023024578
255,0.01520025,0.02440067,0.023025133
256,0.015197655,0.024399864,0.02302406
257,0.015194254,0.02439878,0.023022633
258,0.015195996,0.024399346,0.023023382
259,0.015107138,0.024371386,0.022986455
260,0.015088217,0.024365436,0.022978593
261,0.015524268,0.024502572,0.02315969
262,0.015550034,0.024510685,0.023170397
263,0.015548205,0.024510112,0.023169637
264,0.015567549,0.0245162,0.02317768
265,0.015558876,0.024513466,0.023174064
266,0.015638808,0.024538621,0.023207271
267,0.015648458,0.024541652,0.023211274
268,0.015608577,0.0245291,0.023194708
269,0.015602073,0.024527054,0.023192007
270,0.015609302,0.024529323,0.023195
271,0.015622098,0.02453335,0.023200318
272,0.015613722,0.024530724,0.023196852
273,0.015607132,0.024528652,0.023194114
274,0.015607217,0.024528675,0.023194145
275,0.015580175,0.02452017,0.023182917
276,0.015581878,0.024520705,0.023183623
277,0.015580347,0.02452023,0.023182996
278,0.015605433,0.024528112,0.023193408
279,0.01560845,0.024529073,0.023194667
280,0.015634129,0.02453715,0.023205332
281,0.015629113,0.024535574,0.023203254
282,0.015680008,0.024551574,0.023224365
283,0.015683874,0.024552794,0.023225982
284,0.015692038,0.024555355,0.02322936
285,0.015775159,0.024581522,0.023263896
286,0.01573107,0.024567652,0.023245588
287,0.015754709,0.02457508,0.023255397
288,0.015752072,0.024574265,0.02325431
289,0.01574514,0.024572082,0.023251435
290,0.015788766,0.024585798,0.02326954
291,0.01580964,0.024592381,0.023278221
292,0.015821079,0.024595974,0.023282968
293,0.015821883,0.024596237,0.023283312
294,0.015825966,0.024597516,0.023285002
295,0.015822394,0.024596395,0.023283524
296,0.015876686,0.024613481,0.023306068
297,0.015766911,0.02457893,0.023260482
298,0.015765041,0.024578346,0.023259703
299,0.015770057,0.024579914,0.02326177
300,0.015750924,0.024573889,0.023253817
301,0.015738595,0.024570007,0.023248699
302,0.015744206,0.024571788,0.023251045
303,0.01573766,0.024569709,0.023248311
304,0.015711512,0.024561487,0.02323745
305,0.015710067,0.024561035,0.023236856
306,0.015709259,0.024560781,0.023236524
307,0.015748458,0.02457312,0.023252806
308,0.01575828,0.024576208,0.023256883
309,0.015758492,0.024576286,0.02325698
310,0.015758874,0.024576413,0.023257146
311,0.015757855,0.024576077,0.02325671
312,0.015759515,0.024576599,0.023257397
313,0.0157698,0.024579838,0.023261672
314,0.01573953,0.024570309,0.023249097
315,0.01573566,0.024569094,0.023247497
316,0.015775794,0.024581727,0.023264168
317,0.01579616,0.024588142,0.02327263
318,0.015793016,0.024587154,0.02327133
319,0.015763763,0.024577938,0.023259163
320,0.01576827,0.024579355,0.023261035
321,0.01565067,0.024542348,0.023212194
322,0.015654327,0.024543488,0.023213698
323,0.015666611,0.024547376,0.023218824
324,0.015777752,0.024582341,0.023264978
325,0.015764317,0.02457811,0.023259394
326,0.015792932,0.024587113,0.023271274
327,0.015782513,0.024583852,0.023266967
328,0.015790125,0.024586234,0.023270117
329,0.01580492,0.02459088,0.023276247
330,0.015795482,0.024587922,0.023272336
331,0.01578379,0.024584247,0.023267489
332,0.015819462,0.024595473,0.02328231
333,0.015803857,0.024590552,0.023275811
334,0.015811382,0.024592923,0.023278944
335,0.01581134,0.024592914,0.023278927
336,0.015813977,0.024593748,0.02328003
337,0.015892802,0.024618553,0.023312762
338,0.015936807,0.024632417,0.02333105
339,0.016014867,0.024656983,0.023363467
340,0.016114488,0.024688344,0.023404837
341,0.0161147,0.024688412,0.023404934
342,0.016187105,0.024711214,0.023435008
343,0.016163167,0.024703681,0.023425074
344,0.01896252,0.025587192,0.024588428
345,0.019368907,0.025715776,0.024757396
346,0.0194434,0.025739353,0.02478837
347,0.020585401,0.026101202,0.025263347
348,0.020607043,0.02610806,0.025272341
349,0.020634724,0.026116831,0.025283847
350,0.020654706,0.026123181,0.025292171
351,0.020940134,0.026213733,0.025410917
352,0.02141218,0.026363567,0.025607303
353,0.021555768,0.026409179,0.025667064
354,0.0217116,0.026458682,0.025731914
355,0.021811945,0.026490554,0.025773654
356,0.022384128,0.026672453,0.026011784
357,0.022805665,0.026806569,0.026187254
358,0.024033166,0.027197618,0.026698334
359,0.02489539,0.027472757,0.027057445
360,0.024905257,0.027475897,0.027061546
361,0.024924094,0.027481932,0.027069414
362,0.024923414,0.027481692,0.027069101
363,0.024951775,0.027490752,0.02708092
364,0.025147583,0.027553294,0.027162487
365,0.025161231,0.027557664,0.027168179
366,0.025732536,0.027740251,0.027406203
367,0.025751203,0.02774623,0.027413988
368,0.025800228,0.027761905,0.02743442
369,0.025785051,0.027757026,0.027428064
370,0.02578488,0.027756985,0.027428012
371,0.025783306,0.027756482,0.02742735
372,0.0257066,0.027731953,0.027395392
373,0.025606336,0.02769991,0.02735363
374,0.025630528,0.027707646,0.027363705
375,0.025637077,0.027709728,0.027366417
376,0.025637034,0.027709708,0.027366394
377,0.025705876,0.027731732,0.027395092
378,0.025695415,0.027728377,0.027390718
379,0.025603529,0.027699001,0.02735244
380,0.025544342,0.027680077,0.027327778
381,0.02556275,0.02768597,0.027335461
382,0.025572702,0.02768914,0.02733959
383,0.025604209,0.02769922,0.027352734
384,0.025564238,0.027686452,0.027336089
385,0.025569003,0.02768797,0.027338061
386,0.025561519,0.027685568,0.02733494
387,0.025561433,0.027685558,0.027334921
388,0.025746142,0.027744595,0.027411858
389,0.025759792,0.027748972,0.027417561
390,0.025759792,0.027748972,0.027417561
391,0.025817407,0.027767388,0.02744156
392,0.02581673,0.027767166,0.027441267
393,0.025819873,0.027768176,0.027442588
394,0.025830759,0.02777167,0.02744713
395,0.02626124,0.027909376,0.027626509
396,0.026259454,0.027908798,0.027625753
397,0.026266642,0.027911097,0.027628748
398,0.026267279,0.02791131,0.02762902
399,0.026270043,0.027912196,0.027630178
400,0.026283182,0.02791639,0.027635647
401,0.026282882,0.0279163,0.027635528
402,0.026286326,0.0279174,0.027636958
403,0.026229052,0.02789908,0.027613096
404,0.026235217,0.02790105,0.027615665
405,0.026306778,0.027923957,0.027645491
406,0.026312819,0.027925879,0.027647998
407,0.026354617,0.02793926,0.027665421
408,0.026400285,0.02795387,0.027684437
409,0.026400156,0.02795384,0.027684404
410,0.02640879,0.027956594,0.027687985
411,0.02641912,0.027959906,0.027692294
412,0.026420183,0.02796024,0.027692739
413,0.026508203,0.027988423,0.02772942
414,0.026545493,0.028000358,0.027744962
415,0.026562586,0.02800584,0.027752096
416,0.02656263,0.028005857,0.02775212
417,0.026562715,0.02800586,0.02775213
418,0.02655659,0.028003916,0.027749592
419,0.026563268,0.028006043,0.027752366
420,0.026563438,0.028006103,0.027752437
421,0.026537627,0.027997844,0.027741695
422,0.026537756,0.02799788,0.027741736
423,0.026537756,0.027997881,0.027741743
424,0.026537925,0.027997935,0.027741808
425,0.02654392,0.02799985,0.027744306
426,0.026589334,0.02801439,0.02776323
427,0.026594223,0.02801597,0.027765281
428,0.026595498,0.028016362,0.027765794
429,0.026598306,0.028017256,0.027766962
430,0.026599664,0.0280177,0.027767533
431,0.026621988,0.028024837,0.027776828
432,0.026843099,0.028095668,0.027869005
433,0.026958587,0.028132653,0.02791713
434,0.026961988,0.028133744,0.02791855
435,0.026971554,0.028136825,0.027922546
436,0.026981717,0.02814006,0.027926767
437,0.027486106,0.028301734,0.028137038
438,0.027531603,0.02831633,0.028156003
439,0.027602358,0.02833901,0.0281855
440,0.02761248,0.028342267,0.028189724
441,0.027608478,0.028340975,0.02818806
442,0.027768193,0.028392207,0.028254645
443,0.027579607,0.028331716,0.028176015
444,0.027625488,0.02834642,0.028195128
445,0.027656784,0.028356463,0.028208185
446,0.02766125,0.0283579,0.02821005
447,0.027667968,0.02836006,0.02821286
448,0.02764322,0.028352115,0.028202534
449,0.027616562,0.028343558,0.028191408
450,0.027584797,0.028333392,0.028178193
451,0.027597042,0.028337313,0.028183287
452,0.02750473,0.028307717,0.028144807
453,0.02746748,0.028295767,0.028129281
454,0.027475344,0.028298283,0.02813255
455,0.02747122,0.028296959,0.02813083
456,0.027446644,0.02828908,0.028120583
457,0.027430529,0.028283918,0.028113866
458,0.02742632,0.028282566,0.028112113
459,0.027425935,0.028282452,0.028111959
460,0.027441585,0.028287455,0.02811847
461,0.027457273,0.028292494,0.02812502
462,0.02747186,0.028297156,0.028131085
463,0.027475389,0.0282983,0.028132567
464,0.027473984,0.028297849,0.028131984
465,0.02747169,0.028297119,0.028131032
466,0.027488658,0.028302547,0.028138096
467,0.027504986,0.028307784,0.028144903
468,0.027495375,0.0283047,0.028140888
469,0.02749618,0.028304964,0.028141242
470,0.02750205,0.028306853,0.028143687
471,0.027509535,0.028309243,0.0281468
472,0.027516251,0.028311405,0.028149605
473,0.027512724,0.02831027,0.028148128
474,0.027510257,0.028309472,0.028147098
475,0.02754874,0.028321818,0.028163148
476,0.02753896,0.028318673,0.028159058
477,0.027573993,0.028329922,0.028173681
478,0.027547928,0.02832156,0.028162813
479,0.027597765,0.02833754,0.028183589
480,0.02762468,0.02834618,0.028194811
481,0.027656192,0.028356273,0.02820794
482,0.027675452,0.028362457,0.028215976
483,0.027677836,0.028363217,0.028216964
484,0.02767677,0.028362881,0.028216528
485,0.02767762,0.028363155,0.02821688
486,0.027700456,0.028370477,0.028226398
487,0.027698582,0.028369874,0.02822562
488,0.027692417,0.028367909,0.028223062
489,0.027711043,0.028373882,0.028230827
490,0.027731666,0.028380493,0.02823942
491,0.027726987,0.028378978,0.028237449
492,0.027724141,0.028378073,0.028236266
493,0.027751269,0.02838678,0.028247586
494,0.027753608,0.028387528,0.02824856
495,0.027753608,0.028387528,0.02824856
496,0.027753862,0.028387602,0.028248657
497,0.027805781,0.028404277,0.028270327
498,0.027805699,0.028404232,0.028270273
499,0.02777023,0.028392859,0.028255487
500,0.027795022,0.028400812,0.028265825
501,0.027155926,0.0281959,0.027999401
502,0.027111875,0.028181765,0.027981024
503,0.027139895,0.028190754,0.02799271
504,0.027032148,0.02815622,0.02794779
505,0.026983289,0.028140582,0.027927442
506,0.027215159,0.028214883,0.0280241
507,0.02717468,0.028201908,0.02800722
508,0.027238758,0.028222442,0.028033921
509,0.027269883,0.028232414,0.028046899
510,0.027258659,0.02822881,0.02804221
511,0.027282936,0.028236594,0.028052336
512,0.02725313,0.028227057,0.028039929
513,0.027351694,0.028258644,0.028081007
514,0.02735127,0.028258502,0.028080821
515,0.027286297,0.028237682,0.028053744
516,0.027301857,0.028242663,0.028060226
517,0.02728855,0.02823841,0.028054692
518,0.027301775,0.02824265,0.028060205
519,0.027288424,0.028238356,0.028054625
520,0.027288677,0.028238453,0.028054742
521,0.027271798,0.028233029,0.028047698
522,0.027252747,0.02822693,0.028039765
523,0.027278857,0.028235305,0.028050655
524,0.027374743,0.028266042,0.028090626
525,0.027383672,0.0282689,0.028094342
526,0.027321504,0.02824897,0.028068427
527,0.027340045,0.028254902,0.02807614
528,0.02735939,0.028261099,0.028084194
529,0.027366152,0.028263286,0.02808704
530,0.027313637,0.028246446,0.028065138
531,0.02732631,0.028250508,0.028070427
532,0.027357565,0.02826053,0.028083455
533,0.027368153,0.02826391,0.028087849
534,0.027367385,0.028263664,0.028087541
535,0.02735276,0.028258983,0.028081447
536,0.027342765,0.028255781,0.02807728
537,0.027338555,0.02825443,0.02807553
538,0.027339661,0.028254773,0.028075973
539,0.027325967,0.028250402,0.028070286
540,0.02733005,0.028251704,0.028071979
541,0.027338596,0.028254442,0.028075537
542,0.027435461,0.028285513,0.02811594
543,0.027456852,0.028292362,0.028124847
544,0.027488189,0.028302405,0.028137904
545,0.02752599,0.028314527,0.028153667
546,0.027527263,0.02831493,0.02815419
547,0.027521228,0.028313,0.02815168
548,0.02752501,0.028314214,0.02815326
549,0.027273925,0.028233703,0.028048571
550,0.027328731,0.028251285,0.02807143
551,0.02733005,0.028251711,0.028071988
552,0.02938083,0.028910207,0.028927175
553,0.029633028,0.02899134,0.029032383
554,0.029603945,0.028981954,0.029020222
555,0.029599948,0.02898068,0.029018568
556,0.029800272,0.029045127,0.029102126
557,0.032067116,0.029776003,0.030048177
558,0.034952182,0.03071005,0.031253204
559,0.034964386,0.030714013,0.0312583
560,0.03723598,0.031452518,0.032207876
561,0.037248693,0.03145664,0.032213178
562,0.037255116,0.031458743,0.03221587
563,0.037371717,0.031496726,0.03226463
564,0.038100522,0.03173428,0.032569442
565,0.03996826,0.032344364,0.033350907
566,0.041193027,0.032745413,0.0338636
567,0.041196514,0.032746557,0.033865057
568,0.041185036,0.032742802,0.03386025
569,0.04128395,0.032775216,0.03390166
570,0.041359693,0.032800056,0.033933394
571,0.04145742,0.032832105,0.033974312
572,0.041551404,0.032862917,0.034013655
573,0.041564416,0.03286719,0.034019105
574,0.041729122,0.032921202,0.03408806
575,0.041719813,0.03291815,0.03408417
576,0.041719683,0.032918107,0.03408411
577,0.042018395,0.03301613,0.034209207
578,0.042028986,0.0330196,0.03421364
579,0.042025156,0.033018343,0.03421203
580,0.042025156,0.03301835,0.034212038
581,0.04280668,0.033275023,0.03453938
582,0.04281544,0.0332779,0.034543045
583,0.043195806,0.033402942,0.03470239
584,0.043394458,0.033468265,0.034785606
585,0.04345812,0.03348921,0.034812283
586,0.04354377,0.033517383,0.03484817
587,0.043616027,0.033541158,0.034878433
588,0.04361683,0.033541434,0.034878783
589,0.043638226,0.033548467,0.03488774
590,0.043676414,0.03356105,0.034903757
591,0.04369832,0.03356825,0.03491292
592,0.04373319,0.033579722,0.034927536
593,0.04373336,0.03357978,0.034927614
594,0.043846186,0.03361691,0.03497488
595,0.043838743,0.033614464,0.034971774
596,0.043850016,0.033618182,0.034976497
597,0.04427002,0.033756487,0.035152502
598,0.04434232,0.03378029,0.03518279
599,0.044545606,0.033847284,0.035268
600,0.044546243,0.03384749,0.035268255
601,0.044565037,0.033853687,0.03527613
602,0.044541012,0.033845764,0.03526607
603,0.04461565,0.033870358,0.03529734
604,0.044765987,0.03391991,0.035360355
605,0.044923596,0.03397189,0.03542643
606,0.04504604,0.034012258,0.035477743
607,0.04522589,0.0340716,0.035553157
608,0.04523784,0.034075536,0.035558157
609,0.045306735,0.034098275,0.035587043
610,0.04531341,0.03410048,0.035589844
611,0.045492586,0.034159597,0.035664946
612,0.04545678,0.03414778,0.03564994
613,0.045667466,0.03421732,0.035738267
614,0.045722753,0.034235574,0.03576144
615,0.046195928,0.034391865,0.03595984
616,0.046211403,0.034396987,0.03596635
617,0.046423838,0.034467198,0.036055423
618,0.04645697,0.034478154,0.03606933
619,0.046536453,0.034504436,0.036102664
620,0.046568736,0.03451511,0.036116205
621,0.046573155,0.034516577,0.036118068
622,0.046706825,0.03456076,0.03617411
623,0.046794903,0.034589894,0.03621105
624,0.04705782,0.034676865,0.036321327
625,0.047049314,0.03467405,0.036317743
626,0.047034215,0.03466905,0.036311418
627,0.047022093,0.03466504,0.03630633
628,0.047029834,0.03466761,0.036309592
629,0.04710983,0.034694076,0.036343135
630,0.047090355,0.034687635,0.03633497
631,0.047100134,0.034690876,0.036339074
632,0.046157055,0.034379028,0.035943545
633,0.04600208,0.03432782,0.035878554
634,0.04600603,0.03432914,0.03588023
635,0.045592442,0.034192562,0.03570681
636,0.045619614,0.034201533,0.03571821
637,0.045609284,0.03419812,0.035713874
638,0.045611408,0.034198835,0.035714783
639,0.04548612,0.034157462,0.035662234
640,0.04529257,0.034093596,0.035581104
641,0.04522508,0.034071323,0.0355528
642,0.04515669,0.034048773,0.035524137
643,0.04528998,0.03409273,0.03558
644,0.04502881,0.03400658,0.035470527
645,0.044823527,0.033938885,0.035384476
646,0.04425195,0.033750527,0.035144918
647,0.043803573,0.03360289,0.03495703
648,0.043794855,0.033600025,0.03495338
649,0.04378465,0.033596657,0.0349491
650,0.04383283,0.033612512,0.034969285
651,0.04383088,0.03361188,0.034968473
652,0.043754242,0.03358666,0.03493636
653,0.043792177,0.03359914,0.03495226
654,0.04349627,0.033501774,0.034828283
655,0.043529525,0.0335127,0.0348422
656,0.043492142,0.033500392,0.034826525
657,0.043492142,0.03350041,0.03482654
658,0.04354326,0.03351722,0.03484796
659,0.04354909,0.033519134,0.03485038
660,0.043587107,0.03353165,0.034866333
661,0.043595444,0.033534385,0.034869812
662,0.04358604,0.03353131,0.034865886
663,0.043605607,0.03353773,0.034874074
664,0.043872386,0.033625543,0.034985863
665,0.04385295,0.03361914,0.03497772
666,0.043999158,0.03366727,0.035038978
667,0.04399746,0.033666722,0.03503827
668,0.04399665,0.03366646,0.035037953
669,0.043987,0.033663265,0.03503388
670,0.04398772,0.03366351,0.03503419
671,0.043969177,0.033657406,0.035026424
672,0.043959185,0.033654116,0.035022233
673,0.043954335,0.033652518,0.035020202
674,0.04395472,0.03365265,0.03502037
675,0.043970454,0.033657826,0.035026953
676,0.04390343,0.033635758,0.03499887
677,0.043938473,0.033647295,0.035013556
678,0.04400847,0.03367035,0.035042897
679,0.04397849,0.03366047,0.035030324
680,0.043976326,0.033659764,0.035029426
681,0.04397658,0.033659842,0.035029523
682,0.04397492,0.033659294,0.03502883
683,0.043731235,0.033579074,0.03492672
684,0.04375637,0.03358736,0.034937255
685,0.043751605,0.033585794,0.034935266
686,0.04375237,0.033586036,0.03493558
687,0.043757264,0.03358765,0.034937616
688,0.04376913,0.03359156,0.034942605
689,0.04377023,0.033591926,0.034943074
690,0.043779545,0.03359499,0.034946956
691,0.04378771,0.033597674,0.034950387
692,0.04381944,0.03360811,0.034963667
693,0.04379992,0.033601686,0.034955494
694,0.043791965,0.03359907,0.03495217
695,0.043767087,0.03359088,0.03494174
696,0.043765217,0.033590257,0.03494095
697,0.04376857,0.033591367,0.034942366
698,0.043801066,0.03360206,0.03495598
699,0.0438316,0.03361211,0.03496877
700,0.043872856,0.033625692,0.034986064
701,0.043823518,0.033609457,0.03496539
702,0.043801364,0.033602156,0.03495609
703,0.043791242,0.033598833,0.03495186
704,0.04379732,0.033600822,0.0349544
705,0.043800257,0.03360179,0.034955636
706,0.04394098,0.03364812,0.035014607
707,0.043933883,0.033645786,0.035011634
708,0.043972496,0.033658512,0.035027824
709,0.04397271,0.03365857,0.0350279
710,0.044006985,0.03366986,0.03504228
711,0.04402004,0.03367416,0.035047747
712,0.044038713,0.033680305,0.035055563
713,0.04403697,0.033679716,0.035054818
714,0.04401022,0.033670917,0.035043612
715,0.04400762,0.033670068,0.03504253
716,0.044007707,0.03367009,0.03504256
717,0.044006176,0.033669587,0.03504192
718,0.04403203,0.033678107,0.03505277
719,0.044023145,0.03367517,0.035049036
720,0.043906152,0.033636656,0.03500001
721,0.04383734,0.033614013,0.034971185
722,0.043851886,0.033618793,0.03497727
723,0.043848652,0.03361773,0.03497592
724,0.043843336,0.033615977,0.03497369
725,0.043526888,0.03351184,0.03484109
726,0.043551512,0.03351993,0.034851402
727,0.04351285,0.033507224,0.034835223
728,0.04357945,0.033529133,0.03486312
729,0.043851033,0.033618517,0.034976926
730,0.04434955,0.033782672,0.03518582
731,0.044796947,0.03393013,0.035373345
732,0.04476199,0.033918608,0.03535869
733,0.045667123,0.03421721,0.03573811
734,0.0457398,0.03424121,0.0357686
735,0.045736954,0.03424026,0.035767395
736,0.04573653,0.034240134,0.035767227
737,0.04615837,0.034379452,0.035944097
738,0.04615888,0.034379628,0.035944317
739,0.04619707,0.03439225,0.035960324
740,0.046198137,0.034392603,0.03596078
741,0.046202727,0.03439412,0.0359627
742,0.04619754,0.034392405,0.035960525
743,0.04629591,0.03442491,0.03600177
744,0.04647734,0.034484882,0.036077864
745,0.046462454,0.03447996,0.03607162
746,0.046461903,0.034479782,0.03607139
747,0.046466492,0.034481294,0.036073312
748,0.04645697,0.034478154,0.03606933
749,0.046450928,0.03447616,0.036066797
750,0.046444762,0.034474105,0.036064193
751,0.04644221,0.034473274,0.036063135
752,0.04644374,0.034473766,0.036063764
753,0.046428006,0.03446857,0.036057167
754,0.0465251,0.034500673,0.0360979
755,0.046569243,0.034515265,0.0361164
756,0.046570048,0.03451554,0.036116745
757,0.0465746,0.034517042,0.036118656
758,0.046574943,0.034517147,0.03611879
759,0.04657039,0.034515664,0.036116906
760,0.046565164,0.034513913,0.036114685
761,0.046566732,0.034514442,0.036115356
762,0.046568476,0.034515005,0.03611608
763,0.04656559,0.034514066,0.036114886
764,0.04657405,0.03451685,0.036118418
765,0.046552658,0.034509793,0.036109455
766,0.046550788,0.034509163,0.036108665
767,0.046520546,0.03449917,0.036095984
768,0.04650337,0.03449349,0.036088776
769,0.046480484,0.03448592,0.036079183
770,0.04648482,0.03448736,0.03608101
771,0.04650775,0.034494944,0.03609062
772,0.0465524,0.034509696,0.036109343
773,0.046551935,0.034509547,0.03610915
774,0.04653654,0.034504473,0.03610271
775,0.046540026,0.03450561,0.036104158
776,0.04655806,0.034511577,0.036111727
777,0.04654717,0.034507982,0.036107168
778,0.04657626,0.034517586,0.03611934
779,0.04666732,0.03454769,0.036157526
780,0.046686154,0.034553934,0.036165446
781,0.04667493,0.03455021,0.036160722
782,0.04667323,0.034549654,0.03616002
783,0.046676293,0.034550656,0.036161296
784,0.04668973,0.034555104,0.03616693
785,0.04671478,0.034563392,0.03617744
786,0.046715375,0.03456359,0.036177695
787,0.046752967,0.03457602,0.03619346
788,0.046745952,0.0345737,0.036190517
789,0.04679469,0.034589823,0.03621096
790,0.046886384,0.03462015,0.036249414
791,0.04687439,0.034616195,0.036244392
792,0.04687354,0.034615904,0.036244035
793,0.046841852,0.034605432,0.036230758
794,0.046719797,0.034565046,0.036179543
795,0.046682112,0.034552593,0.036163755
796,0.046645284,0.034540404,0.036148295
797,0.046627767,0.03453461,0.03614095
798,0.046650007,0.034541972,0.036150277
799,0.046637714,0.03453791,0.03614513
800,0.046649497,0.034541804,0.036150068
801,0.046584852,0.03452042,0.03612294
802,0.04660939,0.034528553,0.03613326
803,0.046608455,0.03452824,0.036132857
804,0.046619385,0.034531843,0.03613744
805,0.047084656,0.03468576,0.036332585
806,0.047077682,0.034683444,0.036329657
807,0.04707934,0.03468399,0.03633035
808,0.047112085,0.034694828,0.03634408
809,0.04718162,0.034717828,0.036373243
810,0.047182642,0.034718182,0.036373682
811,0.04717388,0.034715272,0.036369994
812,0.047176346,0.0347161,0.036371045
813,0.0472008,0.03472418,0.036381293
814,0.04730045,0.034757167,0.036423095
815,0.047275994,0.03474907,0.036412828
816,0.047265194,0.034745507,0.036408313
817,0.04725545,0.03474228,0.03640423
818,0.04723772,0.03473641,0.03639678
819,0.04725524,0.034742214,0.03640414
820,0.047609977,0.03485966,0.03655295
821,0.047676876,0.03488182,0.03658101
822,0.047673177,0.034880586,0.036579452
823,0.047857754,0.034941737,0.0366569
824,0.047864944,0.034944106,0.036659904
825,0.047882766,0.03495001,0.036667373
826,0.04793814,0.03496836,0.036690608
827,0.048290964,0.035085313,0.03683866
828,0.048324134,0.03509631,0.03685257
829,0.0483377,0.03510081,0.036858276
830,0.048306912,0.035090607,0.036845364
831,0.04837113,0.035111897,0.036872298
832,0.04840562,0.03512334,0.03688678
833,0.048384782,0.03511643,0.03687803
834,0.04840745,0.03512395,0.03688755
835,0.048448406,0.03513752,0.03690473
836,0.048455764,0.035139956,0.036907807
837,0.048457593,0.035140567,0.03690858
838,0.04841332,0.03512588,0.03689
839,0.04841268,0.035125677,0.036889732
840,0.04722062,0.03473074,0.036389604
841,0.047066282,0.034679666,0.036324866
842,0.04709903,0.034690507,0.036338605
843,0.0471379,0.034703374,0.036354914
844,0.04703375,0.034668896,0.036311224
845,0.045549233,0.0341783,0.0356887
846,0.04340364,0.03347129,0.03478946
847,0.043392032,0.03346748,0.034784593
848,0.041548043,0.032861818,0.034012243
849,0.041541792,0.032859758,0.03400962
850,0.04155434,0.032863893,0.034014896
851,0.04146941,0.03283602,0.03397931
852,0.04089968,0.032649286,0.033740785
853,0.039083462,0.032055117,0.032980643
854,0.03781424,0.031640936,0.0324497
855,0.037809603,0.031639427,0.032447767
856,0.037811685,0.031640105,0.032448635
857,0.03778936,0.03163283,0.032439303
858,0.037974942,0.031693332,0.03251692
859,0.037865143,0.031657524,0.032470983
860,0.037764825,0.031624835,0.03242904
861,0.037716772,0.031609163,0.032408934
862,0.037772607,0.031627357,0.032432273
863,0.03776542,0.03162502,0.032429278
864,0.037765548,0.031625062,0.03242934
865,0.03743113,0.031516075,0.032289468
866,0.03743457,0.031517215,0.032290936
867,0.037555516,0.03155661,0.032341495
868,0.037547436,0.03155397,0.032338105
869,0.03665249,0.031262558,0.031963892
870,0.03679329,0.03130839,0.032022774
871,0.036479283,0.031206213,0.031891488
872,0.03621716,0.031120958,0.031781897
873,0.036139764,0.031095795,0.03174955
874,0.03603673,0.031062301,0.031706482
875,0.035941813,0.03103145,0.031666804
876,0.035944875,0.03103245,0.031668097
877,0.035919618,0.031024234,0.03165753
878,0.03588598,0.031013299,0.031643465
879,0.035861317,0.031005295,0.03163317
880,0.035842817,0.030999277,0.031625427
881,0.035842605,0.0309992,0.03162533
882,0.03570236,0.030953646,0.031566728
883,0.035709675,0.030956004,0.03156977
884,0.035698023,0.030952228,0.031564906
885,0.035213284,0.030794803,0.03136232
886,0.035120495,0.030764697,0.03132356
887,0.034863308,0.030681215,0.031216072
888,0.034867603,0.030682614,0.031217873
889,0.034850422,0.03067705,0.031210704
890,0.034892138,0.030690579,0.03122813
891,0.034835495,0.030672189,0.031204438
892,0.034651197,0.030612411,0.031127447
893,0.034473997,0.030554939,0.031053396
894,0.03431764,0.030504243,0.030988075
895,0.03407495,0.030425603,0.030886704
896,0.034057558,0.030419966,0.03087944
897,0.03395665,0.030387262,0.03083728
898,0.033956736,0.03038728,0.030837296
899,0.03370967,0.030307252,0.030734094
900,0.033728257,0.030313281,0.030741876
901,0.033483915,0.030234162,0.030639812
902,0.03342591,0.030215386,0.030615589
903,0.032775212,0.03000486,0.030343844
904,0.03274328,0.029994527,0.030330501
905,0.03243222,0.02989397,0.03020061
906,0.032385614,0.029878905,0.030181149
907,0.032265272,0.029840011,0.0301309
908,0.032247074,0.029834146,0.030123314
909,0.032248903,0.029834725,0.03012406
910,0.032049,0.029770155,0.030040614
911,0.031933807,0.029732946,0.029992517
912,0.0315397,0.029605728,0.029828014
913,0.031517077,0.029598434,0.029818572
914,0.03151729,0.029598491,0.029818652
915,0.03147915,0.02958619,0.029802741
916,0.031448532,0.029576305,0.029789954
917,0.03132836,0.029537527,0.029739793
918,0.03422162,0.030473124,0.030947967
919,0.03425096,0.030482639,0.030960225
920,0.03435676,0.03051693,0.031004433
921,0.03437985,0.030524416,0.031014074
922,0.034339152,0.03051121,0.030997055
923,0.034385037,0.030526102,0.031016244
924,0.034340516,0.030511662,0.03099763
925,0.034403365,0.030532049,0.031023905
926,0.034424543,0.030538907,0.031032745
927,0.034540337,0.03057645,0.03108112
928,0.03457053,0.03058625,0.031093737
929,0.034615222,0.030600736,0.031112405
930,0.0346088,0.030598665,0.031109734
931,0.034412254,0.030534917,0.0310276
932,0.034395453,0.030529484,0.031020598
933,0.034394052,0.030529017,0.031019997
934,0.034318615,0.030504571,0.030988498
935,0.03429612,0.030497273,0.030979091
936,0.03431636,0.030503832,0.030987538
937,0.034309044,0.03050146,0.03098449
938,0.034429137,0.030540392,0.031034654
939,0.034397837,0.030530252,0.031021586
940,0.03435846,0.030517487,0.031005131
941,0.03429948,0.03049836,0.030980486
942,0.03426078,0.03048583,0.03096434
943,0.034204736,0.030467657,0.030940918
944,0.03419938,0.030465908,0.030938663
945,0.034199208,0.03046586,0.030938592
946,0.034145202,0.030448359,0.030916043
947,0.034127556,0.030442636,0.030908668
948,0.034085028,0.03042886,0.030890904
949,0.03407691,0.030426223,0.030887505
950,0.034084093,0.030428562,0.030890519
951,0.03404493,0.030415881,0.030874165
952,0.033698447,0.030303625,0.030729417
953,0.033694107,0.03030221,0.030727593
954,0.033495564,0.030237922,0.030644668
955,0.033511255,0.030243007,0.030651225
956,0.033508662,0.030242184,0.030650157
957,0.033507854,0.030241903,0.0306498
958,0.03355616,0.030257547,0.030669982
959,0.033640698,0.030284923,0.030705296
960,0.03365188,0.030288547,0.030709969
961,0.033707757,0.03030664,0.030733308
962,0.0337149,0.030308949,0.030736282
963,0.03370474,0.030305656,0.030732043
964,0.03365405,0.030289259,0.03071088
965,0.033598427,0.030271236,0.030687636
966,0.033508748,0.030242197,0.03065018
967,0.033569854,0.030261988,0.030675713
968,0.03357368,0.030263223,0.030677304
969,0.033589628,0.030268388,0.030683966
970,0.033648267,0.030287363,0.030708442
971,0.03363904,0.030284382,0.030704597
972,0.03360468,0.030273257,0.030690242
973,0.033686582,0.03029979,0.030724475
974,0.033767164,0.030325878,0.030758118
975,0.03375883,0.030323166,0.030754624
976,0.03375292,0.030321263,0.030752167
977,0.03374922,0.030320074,0.030750636
978,0.033907324,0.030371282,0.030816676
979,0.033894863,0.030367251,0.030811476
980,0.03392144,0.030375855,0.030822571
981,0.03389648,0.03036777,0.03081214
982,0.033900563,0.030369097,0.030813847
983,0.03392263,0.030376233,0.03082306
984,0.03391183,0.030372737,0.030818548
985,0.033910215,0.030372223,0.030817883
986,0.03388687,0.030364659,0.03080813
987,0.033838306,0.030348925,0.03078784
988,0.033783365,0.030331124,0.030764882
989,0.0337914,0.03033374,0.030768255
990,0.033800248,0.030336596,0.030771943
991,0.033801567,0.030337023,0.030772487
992,0.03379472,0.030334808,0.030769642
993,0.033812877,0.030340688,0.030777218
994,0.033627685,0.0302807,0.030699857
995,0.03366447,0.030292625,0.030715222
996,0.033615183,0.030276665,0.030694643
997,0.033633128,0.030282473,0.030702138
998,0.03358754,0.030267714,0.030683098
999,0.03357028,0.030262124,0.030675886
1000,0.033549443,0.030255375,0.03066718
1001,0.03354719,0.030254642,0.030666234
1002,0.03359154,0.030268999,0.03068475
1003,0.033616334,0.030277029,0.030695114
1004,0.033617184,0.03027731,0.030695474
1005,0.03361786,0.030277519,0.030695746
1006,0.03358244,0.030266056,0.03068096
1007,0.033707716,0.030306628,0.030733291
1008,0.033688877,0.030300522,0.030725421
1009,0.033689857,0.030300835,0.030725826
1010,0.033668593,0.030293968,0.030716958
1011,0.033666085,0.030293144,0.030715894
1012,0.03367225,0.03029514,0.030718472
1013,0.03368169,0.03029819,0.030722411
1014,0.03360642,0.03027383,0.030690987
1015,0.03377873,0.030329617,0.030762944
1016,0.033734336,0.030315235,0.03074439
1017,0.033338863,0.030187218,0.030579237
1018,0.032528494,0.029925097,0.03024082
1019,0.031858325,0.029708581,0.029961027
1020,0.03191361,0.029726427,0.029984089
1021,0.030562868,0.029290712,0.029420318
1022,0.03042701,0.029246937,0.029363627
1023,0.030474978,0.029262383,0.029383631
1024,0.030537227,0.029282443,0.029409615
1025,0.029896798,0.029076206,0.029142406
1026,0.029911933,0.029081075,0.029148718
1027,0.029816044,0.029050212,0.029108716
1028,0.030016242,0.02911466,0.029192245
1029,0.030087294,0.029137533,0.029221894
1030,0.030096697,0.029140558,0.029225811
1031,0.029941699,0.029090658,0.029161142
1032,0.029636731,0.028992508,0.029033909
1033,0.02964749,0.028995974,0.029038396
1034,0.029644726,0.028995087,0.029037246
1035,0.02963703,0.028992608,0.02903404
1036,0.029655652,0.028998598,0.029041812
1037,0.02969843,0.029012367,0.029059656
1038,0.02969486,0.029011207,0.029058145
1039,0.029694902,0.029011216,0.029058164
1040,0.029692648,0.029010497,0.029057233
1041,0.029688267,0.029009094,0.029055415
1042,0.029563466,0.02896895,0.029003363
1043,0.029471872,0.028939467,0.028965129
1044,0.02947153,0.028939366,0.028964996
1045,0.029457415,0.028934818,0.0289591
1046,0.029452568,0.028933266,0.02895709
1047,0.029452523,0.028933251,0.028957063
1048,0.029453544,0.028933577,0.028957492
1049,0.02946558,0.028937446,0.028962506
1050,0.029470554,0.028939052,0.028964587
1051,0.02943764,0.028928462,0.028950857
1052,0.029436322,0.028928036,0.028950304
1053,0.029436024,0.028927939,0.028950183
1054,0.0294356,0.028927803,0.028950006
1055,0.02943526,0.028927699,0.028949864
1056,0.02945835,0.028935133,0.028959503
1057,0.029510187,0.028951796,0.02898112
1058,0.029483097,0.028943093,0.02896983
1059,0.029445166,0.02893089,0.028954001
1060,0.02944942,0.028932257,0.02895578
1061,0.029470595,0.028939053,0.028964592
1062,0.02947353,0.028940002,0.028965823
1063,0.029459415,0.028935466,0.028959945
1064,0.029429818,0.028925948,0.028947586
1065,0.029422333,0.02892354,0.02894447
1066,0.029355275,0.028901977,0.028916506
1067,0.02920598,0.028853968,0.02885423
1068,0.029184124,0.028846927,0.028845096
1069,0.029198283,0.028851487,0.028851014
1070,0.02920462,0.028853523,0.028853655
1071,0.029209638,0.028855147,0.028855754
1072,0.029190717,0.02884906,0.028847864
1073,0.029131738,0.028830104,0.02882327
1074,0.029137054,0.028831804,0.028825477
1075,0.029073184,0.02881128,0.028798843
1076,0.029114006,0.0288244,0.028815864
1077,0.031426888,0.029569315,0.029780919
1078,0.031294554,0.029526627,0.029725688
1079,0.03129817,0.029527785,0.02972719
1080,0.031345583,0.029543083,0.029746981
1081,0.031368077,0.029550338,0.029756362
1082,0.03135039,0.029544635,0.029748984
1083,0.031356722,0.029546674,0.029751627
1084,0.03135987,0.02954769,0.029752942
1085,0.03135532,0.029546237,0.029751057
1086,0.03132887,0.029537685,0.02974
1087,0.031402268,0.02956138,0.029770652
1088,0.031380367,0.029554311,0.029761506
1089,0.03139155,0.029557921,0.029766174
1090,0.031369437,0.029550783,0.02975694
1091,0.03136876,0.029550564,0.029756656
1092,0.03134907,0.029544199,0.02974843
1093,0.030615764,0.029307771,0.029442405
1094,0.030725902,0.029343259,0.029488355
1095,0.030735256,0.029346265,0.029492252
1096,0.030704385,0.02933633,0.029479388
1097,0.030603094,0.02930368,0.029437106
1098,0.030619847,0.029309075,0.029444098
1099,0.030635925,0.029314253,0.029450802
1100,0.03061398,0.02930718,0.029441647
1101,0.030594295,0.029300831,0.029433424
1102,0.03040885,0.029241102,0.029356062
1103,0.030408299,0.029240923,0.029355833
1104,0.030407915,0.029240798,0.029355671
1105,0.030407323,0.029240595,0.029355405
1106,0.03042888,0.029247537,0.029364403
1107,0.030396948,0.029237257,0.02935108
1108,0.029782878,0.029039545,0.02909489
1109,0.02966641,0.02900206,0.029046291
1110,0.029659988,0.028999997,0.029043619
1111,0.029355446,0.028902026,0.028916573
1112,0.02934358,0.028898202,0.028911611
1113,0.029313391,0.028888494,0.028899018
1114,0.02921976,0.028858397,0.028859971
1115,0.028617987,0.028664995,0.028608995
1116,0.028646266,0.028674074,0.028620776
1117,0.028697884,0.02869067,0.028642314
1118,0.0288681,0.028745348,0.028713292
1119,0.02879594,0.028722163,0.028683195
1120,0.028732413,0.028701756,0.028656708
1121,0.028784035,0.028718354,0.028678244
1122,0.028742915,0.028705126,0.028661082
1123,0.028672075,0.028682373,0.028631547
1124,0.028773876,0.028715078,0.028674
1125,0.028807295,0.028725808,0.02868793
1126,0.029022498,0.028794978,0.028777698
1127,0.029044097,0.028801912,0.028786695
1128,0.029046735,0.02880277,0.028787807
1129,0.029091002,0.02881699,0.02880626
1130,0.029028917,0.028797042,0.028780371
1131,0.028964797,0.02877642,0.028753616
1132,0.028994603,0.028786005,0.028766047
1133,0.02905001,0.028803814,0.028789159
1134,0.029133437,0.028830651,0.02882398
1135,0.029132674,0.028830392,0.028823646
1136,0.02902135,0.028794607,0.028777212
1137,0.029036315,0.028799422,0.028783467
1138,0.029181955,0.028846245,0.028844206
1139,0.029156486,0.028838046,0.028833581
1140,0.02904206,0.028801275,0.028785864
1141,0.029448869,0.028932068,0.028955532
1142,0.029704979,0.029014476,0.029062388
1143,0.029716419,0.02901815,0.029067151
1144,0.029755237,0.029030643,0.02908335
1145,0.029648935,0.028996427,0.029038982
1146,0.029271765,0.028875109,0.028881656
1147,0.029437939,0.028928565,0.028950997
1148,0.02942969,0.028925898,0.028947534
1149,0.029430242,0.028926091,0.028947778
1150,0.029220523,0.028858645,0.028860295
1151,0.029216187,0.02885725,0.028858485
1152,0.034251,0.030482654,0.030960245
1153,0.034775365,0.030652693,0.031179333
1154,0.035529666,0.030897537,0.031494543
1155,0.03570959,0.030955987,0.03156974
1156,0.035722554,0.0309602,0.031575162
1157,0.036191985,0.03111278,0.031771384
1158,0.03617749,0.03110805,0.03176531
1159,0.036334362,0.031159075,0.0318309
1160,0.03634057,0.031161096,0.031833496
1161,0.036352053,0.031164829,0.03183829
1162,0.03649885,0.031212574,0.03189966
1163,0.036497954,0.031212285,0.03189929
1164,0.036607586,0.031247962,0.03194514
1165,0.036742005,0.03129169,0.032001328
1166,0.036747664,0.03129353,0.03200369
1167,0.036997117,0.03137473,0.032107987
1168,0.03699418,0.031373788,0.032106772
1169,0.037002556,0.031376503,0.032110274
1170,0.037335914,0.03148507,0.032249674
1171,0.03733064,0.03148335,0.03224746
1172,0.037374906,0.031497773,0.032265976
1173,0.037419856,0.031512395,0.03228475
1174,0.037426915,0.031514708,0.032287713
1175,0.037553474,0.031555943,0.03234063
1176,0.037549604,0.031554677,0.03233901
1177,0.03757686,0.031563576,0.03235043
1178,0.037538122,0.031550944,0.032334216
1179,0.0375004,0.031538643,0.03231844
1180,0.037513714,0.031542987,0.032324016
1181,0.03749041,0.031535402,0.03231428
1182,0.03759315,0.03156888,0.032357246
1183,0.03760412,0.031572454,0.03236183
1184,0.037652686,0.031588264,0.03238212
1185,0.037662,0.03159132,0.032386042
1186,0.03772966,0.031613365,0.032414332
1187,0.03772749,0.031612657,0.032413416
1188,0.037714817,0.031608526,0.03240812
1189,0.037685603,0.031598993,0.03239589
1190,0.03769002,0.03160044,0.032397747
1191,0.037692316,0.031601194,0.032398712
1192,0.037748028,0.031619344,0.032422002
1193,0.03774875,0.03161958,0.032422297
1194,0.03775666,0.031622164,0.032425612
1195,0.03777486,0.031628095,0.03243323
1196,0.03774169,0.031617284,0.032419357
1197,0.03772753,0.03161268,0.032413445
1198,0.03773748,0.031615913,0.0324176
1199,0.037732296,0.031614214,0.03241542
1200,0.037768144,0.031625908,0.03243042
1201,0.03776963,0.03162639,0.032431033
1202,0.038155466,0.0317522,0.032592416
1203,0.038297288,0.031798463,0.032651734
1204,0.038274366,0.03179099,0.032642156
1205,0.038273983,0.031790875,0.032642007
1206,0.03572532,0.03096111,0.031576328
1207,0.035684157,0.030947726,0.031559113
1208,0.035465706,0.03087677,0.031467825
1209,0.036262453,0.03113569,0.031800836
1210,0.036377907,0.03117324,0.03184911
1211,0.036223754,0.031123094,0.031784646
1212,0.03628265,0.03114225,0.03180927
1213,0.036226816,0.031124102,0.031785943
1214,0.036206998,0.031117665,0.031777672
1215,0.03610107,0.03108322,0.031733382
1216,0.03610362,0.031084044,0.031734437
1217,0.03603971,0.031063274,0.031707734
1218,0.036042303,0.031064108,0.031708807
1219,0.036009133,0.031053338,0.031694956
1220,0.036132798,0.031093536,0.03174664
1221,0.03614457,0.03109736,0.031751566
1222,0.03623545,0.031126902,0.03178954
1223,0.03628159,0.031141922,0.031808846
1224,0.036259133,0.031134607,0.03179945
1225,0.036259133,0.031134605,0.03179944
1226,0.036143087,0.03109687,0.03175094
1227,0.036149338,0.031098919,0.031753562
1228,0.036119144,0.031089086,0.031740922
1229,0.036119103,0.03108908,0.03174092
1230,0.036119185,0.031089101,0.03174094
1231,0.036117442,0.031088522,0.031740203
1232,0.036116973,0.031088384,0.031740025
1233,0.036116805,0.03108834,0.031739965
1234,0.03610541,0.031084623,0.03173519
1235,0.036139004,0.031095553,0.031749234
1236,0.036104172,0.031084236,0.031734683
1237,0.036171153,0.03110599,0.031762663
1238,0.036158435,0.03110187,0.031757362
1239,0.036177572,0.031108087,0.031765357
1240,0.036178976,0.031108545,0.031765945
1241,0.03616843,0.03110511,0.031761527
1242,0.03616894,0.03110528,0.031761743
1243,0.036162432,0.031103168,0.031759024
1244,0.036162347,0.03110314,0.031758994
1245,0.036162265,0.031103102,0.03175894
1246,0.036107533,0.031085318,0.03173608
1247,0.036028694,0.031059692,0.031703126
1248,0.03601785,0.031056173,0.0316986
1249,0.035963926,0.031038646,0.03167606
1250,0.035959464,0.031037174,0.031674176
1251,0.0359533,0.031035183,0.031671606
1252,0.035955932,0.031036038,0.03167271
1253,0.0359752,0.031042293,0.031680755
1254,0.036004666,0.031051865,0.031693064
1255,0.035945386,0.031032614,0.031668305
1256,0.035943728,0.031032061,0.031667598
1257,0.035919107,0.031024069,0.031657316
1258,0.035857998,0.031004218,0.031631783
1259,0.035889212,0.031014351,0.031644814
1260,0.03590384,0.031019108,0.031650938
1261,0.035887722,0.031013867,0.031644188
1262,0.035860762,0.031005101,0.031632923
1263,0.03586055,0.031005032,0.031632833
1264,0.035845328,0.031000089,0.03162647
1265,0.035864674,0.031006387,0.031634577
1266,0.035704784,0.030954435,0.031567752
1267,0.035906054,0.031019824,0.03165185
1268,0.03584218,0.030999063,0.03162515
1269,0.035883002,0.031012347,0.031642236
1270,0.03589168,0.03101515,0.031645842
1271,0.036068752,0.031072717,0.03171988
1272,0.036189776,0.031112071,0.031770475
1273,0.036194198,0.031113492,0.031772308
1274,0.03619165,0.031112669,0.031771246
1275,0.0362451,0.031130042,0.03179358
1276,0.036247313,0.031130768,0.03179451
1277,0.036266066,0.03113686,0.03180234
1278,0.036339976,0.0311609,0.031833243
1279,0.036338445,0.031160396,0.031832602
1280,0.03639862,0.031179978,0.03185777
1281,0.036384627,0.031175423,0.031851918
1282,0.03640036,0.031180551,0.031858504
1283,0.036374208,0.031172026,0.031847548
1284,0.036383476,0.031175055,0.03185144
1285,0.036380287,0.031174,0.031850085
1286,0.03638973,0.031177083,0.03185405
1287,0.03639143,0.03117764,0.03185477
1288,0.03638769,0.031176424,0.0318532
1289,0.036401935,0.031181037,0.031859133
1290,0.036383945,0.031175202,0.031851627
1291,0.03636264,0.031168273,0.031842716
1292,0.036363915,0.031168688,0.031843252
1293,0.03643608,0.031192152,0.03187342
1294,0.036477372,0.031205589,0.031890683
1295,0.036357112,0.03116646,0.0318404
1296,0.036368594,0.031170212,0.031845212
1297,0.036368806,0.031170275,0.031845294
1298,0.03637089,0.031170962,0.03184618
1299,0.036371484,0.03117115,0.03184642
1300,0.036366295,0.031169461,0.03184425
1301,0.036395643,0.031179002,0.031856515
1302,0.03641048,0.031183826,0.031862713
1303,0.036286946,0.031143656,0.03181108
1304,0.036258876,0.031134527,0.031799346
1305,0.036252543,0.031132469,0.0317967
1306,0.036272146,0.031138841,0.031804893
1307,0.03654214,0.031226667,0.031917773
1308,0.03651046,0.03121635,0.03190452
1309,0.036492936,0.031210663,0.031897202
1310,0.03657297,0.031236704,0.03193067
1311,0.036540862,0.031226246,0.031917233
1312,0.036493406,0.031210812,0.031897392
1313,0.03649145,0.031210164,0.03189657
1314,0.03650791,0.03121553,0.03190346
1315,0.036505867,0.031214857,0.0319026
1316,0.03645254,0.031197507,0.031880297
1317,0.03657858,0.031238504,0.031932995
1318,0.036639605,0.031258374,0.031958513
1319,0.03663999,0.031258497,0.031958673
1320,0.036637522,0.0312577,0.03195765
1321,0.036673114,0.03126928,0.031972528
1322,0.036735117,0.031289447,0.03199844
1323,0.036735542,0.031289607,0.03199864
1324,0.036758848,0.031297162,0.032008357
1325,0.036721937,0.03128515,0.03199292
1326,0.03745124,0.031522635,0.032297894
1327,0.03773599,0.03161543,0.032416984
1328,0.03776525,0.031624973,0.03242922
1329,0.03776559,0.031625085,0.03242936
1330,0.037937522,0.031681135,0.032501265
1331,0.038056888,0.031720057,0.0325512
1332,0.0380574,0.031720214,0.0325514
1333,0.03805332,0.03171888,0.032549687
1334,0.038062204,0.031721786,0.032553412
1335,0.03868729,0.031925745,0.03281489
1336,0.038785953,0.031957958,0.03285616
1337,0.038859222,0.03198187,0.032886818
1338,0.03889992,0.031995174,0.032903846
1339,0.038912337,0.031999238,0.032909058
1340,0.038924754,0.032003295,0.03291426
1341,0.038925096,0.032003395,0.032914385
1342,0.03893492,0.032006614,0.032918505
1343,0.038945552,0.03201007,0.032922946
1344,0.03895831,0.032014243,0.032928284
1345,0.038981102,0.032021694,0.032937825
1346,0.03902346,0.032035522,0.032955546
1347,0.039029498,0.032037497,0.032958075
1348,0.038983144,0.032022353,0.032938667
1349,0.03899722,0.032026954,0.032944568
1350,0.039013676,0.032032333,0.032951444
1351,0.039082993,0.03205497,0.032980446
1352,0.039087802,0.032056533,0.032982454
1353,0.03909116,0.03205765,0.032983884
1354,0.039137002,0.03207262,0.033003047
1355,0.03921317,0.0320975,0.03303492
1356,0.039206702,0.0320954,0.03303223
1357,0.03924034,0.03210638,0.03304629
1358,0.039496858,0.032190196,0.033153616
1359,0.039499495,0.032191075,0.033154733
1360,0.03958565,0.03221924,0.03319079
1361,0.03958825,0.032220095,0.033191882
1362,0.03958506,0.032219034,0.03319052
1363,0.039595604,0.03222248,0.033194937
1364,0.039592966,0.03222163,0.03319385
1365,0.03773825,0.03161616,0.032417912
1366,0.037749004,0.031619683,0.03242244
1367,0.037750024,0.031619996,0.03242284
1368,0.037711028,0.0316073,0.03240654
1369,0.03770903,0.03160665,0.03240572
1370,0.03771324,0.031608015,0.032407455
1371,0.037708223,0.031606372,0.032405354
1372,0.03770567,0.031605557,0.032404304
1373,0.0377166,0.03160912,0.03240888
1374,0.037714645,0.031608474,0.03240805
1375,0.037685134,0.031598847,0.03239569
1376,0.037686788,0.031599388,0.032396395
1377,0.0376745,0.03159539,0.032391258
1378,0.03768097,0.0315975,0.032393962
1379,0.037687935,0.03159977,0.032396883
1380,0.03769036,0.03160056,0.032397896
1381,0.037687004,0.031599477,0.032396507
1382,0.03760999,0.031574372,0.032364283
1383,0.037603483,0.031572253,0.032361567
1384,0.037681982,0.031597823,0.032394387
1385,0.037701335,0.031604126,0.03240247
1386,0.03771337,0.03160806,0.032407515
1387,0.037700824,0.03160397,0.03240227
1388,0.037646644,0.03158631,0.03237962
1389,0.03764643,0.03158625,0.03237953
1390,0.037648346,0.031586867,0.032380328
1391,0.03765145,0.031587884,0.03238163
1392,0.037701204,0.031604096,0.032402426
1393,0.03772081,0.031610474,0.032410614
1394,0.037691426,0.031600893,0.03239833
1395,0.037688963,0.031600095,0.032397307
1396,0.03770227,0.03160444,0.03240288
1397,0.037723023,0.031611197,0.032411546
1398,0.037820876,0.03164309,0.032452464
1399,0.037820023,0.031642824,0.03245212
1400,0.037835333,0.031647816,0.03245853
1401,0.038803685,0.03196375,0.032863595
1402,0.038815632,0.031967647,0.032868586
1403,0.038954653,0.032013055,0.03292676
1404,0.038897708,0.031994462,0.032902934
1405,0.03886271,0.031983025,0.032888286
1406,0.038709193,0.031932898,0.032824054
1407,0.04149574,0.032844663,0.033990353
1408,0.045020346,0.034003794,0.035466984
1409,0.054809615,0.037258044,0.039576687
1410,0.056107797,0.0376935,0.040122636
1411,0.056637123,0.037871305,0.04034529
1412,0.056756727,0.037911512,0.040395617
1413,0.056768466,0.037915446,0.04040055
1414,0.056668848,0.037881985,0.040358663
1415,0.056694582,0.037890624,0.040369473
1416,0.05675694,0.037911594,0.04039572
1417,0.056739584,0.03790576,0.040388413
1418,0.05673835,0.037905335,0.04038789
1419,0.05677323,0.03791705,0.040402554
1420,0.056772165,0.037916712,0.04040212
1421,0.056747623,0.037908446,0.04039178
1422,0.05673933,0.037905663,0.04038831
1423,0.056742687,0.03790679,0.04038971
1424,0.056777395,0.037918456,0.040404312
1425,0.05688875,0.037955895,0.04045116
1426,0.056834303,0.037937593,0.04042825
1427,0.057063688,0.038014725,0.040524773
1428,0.057069555,0.038016696,0.04052724
1429,0.05689462,0.037957855,0.040453613
1430,0.05674643,0.037908047,0.04039129
1431,0.056740902,0.0379062,0.040388964
1432,0.056764424,0.037914097,0.040398844
1433,0.056770083,0.037915997,0.040401235
1434,0.056819465,0.037932593,0.040422
1435,0.056770805,0.03791625,0.04040154
1436,0.05687582,0.037951544,0.040445715
1437,0.056972966,0.03798421,0.04048658
1438,0.05692303,0.037967432,0.0404656
1439,0.05692465,0.037967965,0.04046625
1440,0.054450262,0.037137676,0.03942562
1441,0.05419026,0.03705062,0.03931631
1442,0.05373457,0.03689814,0.039124757
1443,0.053559083,0.036839444,0.039051007
1444,0.053565253,0.03684151,0.039053597
1445,0.05345161,0.036803517,0.039005842
1446,0.05338581,0.036781512,0.03897817
1447,0.053283818,0.036747426,0.03893532
1448,0.053284455,0.036747634,0.03893559
1449,0.0532768,0.03674508,0.038932376
1450,0.053182423,0.036713548,0.038892716
1451,0.053189486,0.0367159,0.038895674
1452,0.053195737,0.036717977,0.038898297
1453,0.05310884,0.03668893,0.038861774
1454,0.053094383,0.03668411,0.03885571
1455,0.052959982,0.036639214,0.038799234
1456,0.052945904,0.03663451,0.03879331
1457,0.052948795,0.03663548,0.038794536
1458,0.05274256,0.0365666,0.038707882
1459,0.05274065,0.03656595,0.038707063
1460,0.052727718,0.036561627,0.038701627
1461,0.052696966,0.036551375,0.03868872
1462,0.052734524,0.036563903,0.038704485
1463,0.05264363,0.036533557,0.038666315
1464,0.0526532,0.036536753,0.03867033
1465,0.052630745,0.036529247,0.038660884
1466,0.052635893,0.03653097,0.03866306
1467,0.05265201,0.036536347,0.038669817
1468,0.052742645,0.036566615,0.038707912
1469,0.052775607,0.03657762,0.038721755
1470,0.052728273,0.036561817,0.03870187
1471,0.052725166,0.03656079,0.038700573
1472,0.052695435,0.03655085,0.03868807
1473,0.052695476,0.036550857,0.038688086
1474,0.05277446,0.036577236,0.038721263
1475,0.052812863,0.03659007,0.038737416
1476,0.052809674,0.036588993,0.03873606
1477,0.05280308,0.036586802,0.038733304
1478,0.05278883,0.036582053,0.038727324
1479,0.05281835,0.036591906,0.03873972
1480,0.05279062,0.03658265,0.038728073
1481,0.052971464,0.03664305,0.03880407
1482,0.052967936,0.03664188,0.038802594
1483,0.052957173,0.036638275,0.03879805
1484,0.052956194,0.036637962,0.03879766
1485,0.052978355,0.036645353,0.038806956
1486,0.052990988,0.036649577,0.038812265
1487,0.052985925,0.03664788,0.038810134
1488,0.052955855,0.03663783,0.038797505
1489,0.052964024,0.036640555,0.038800925
1490,0.052695476,0.036550876,0.03868811
1491,0.052605268,0.036520753,0.038650192
1492,0.05261373,0.03652357,0.03865374
1493,0.05267919,0.036545433,0.038681254
1494,0.05267383,0.03654364,0.038679
1495,0.052711256,0.036556132,0.038694717
1496,0.05271368,0.036556948,0.038695738
1497,0.05219225,0.036382895,0.038476653
1498,0.052109607,0.036355324,0.038441945
1499,0.052173786,0.036376737,0.038468912
1500,0.052129045,0.036361802,0.038450107
1501,0.05215188,0.03636942,0.03845969
1502,0.052150987,0.03636912,0.038459316
1503,0.052156687,0.03637103,0.038461726
1504,0.052116327,0.03635756,0.03844475
1505,0.05211671,0.0363577,0.038444936
1506,0.05213134,0.036362566,0.038451064
1507,0.05214372,0.036366716,0.038456287
1508,0.052077495,0.03634461,0.03842845
1509,0.052227672,0.036394715,0.038491547
1510,0.05216647,0.036374293,0.03846582
1511,0.052141465,0.036365952,0.03845533
1512,0.05216698,0.03637447,0.03846605
1513,0.052273735,0.03641008,0.03851089
1514,0.05223533,0.03639726,0.03849475
1515,0.052238733,0.03639842,0.038496204
1516,0.052259997,0.03640551,0.038505137
1517,0.052262463,0.036406323,0.038506158
1518,0.0523716,0.03644275,0.03855201
1519,0.052378446,0.036445037,0.038554892
1520,0.05240027,0.036452316,0.038564056
1521,0.05240078,0.03645248,0.038564265
1522,0.052403882,0.036453515,0.03856557
1523,0.05247142,0.036476072,0.038593955
1524,0.053887427,0.03694929,0.039189033
1525,0.053850766,0.036937017,0.03917361
1526,0.05405339,0.03700482,0.039258793
1527,0.05407989,0.037013672,0.03926991
1528,0.054095075,0.03701876,0.039276294
1529,0.05416206,0.037041195,0.039304473
1530,0.055223454,0.037396766,0.039750718
1531,0.05541668,0.03746155,0.03983196
1532,0.05543646,0.037468188,0.039840274
1533,0.055436373,0.037468173,0.03984025
1534,0.05545054,0.03747291,0.039846197
1535,0.05546619,0.03747818,0.039852798
1536,0.055466317,0.037478205,0.039852835
1537,0.055461213,0.0374765,0.039850697
1538,0.055487327,0.037485257,0.03986167
1539,0.055485882,0.037484787,0.039861076
1540,0.05549728,0.037488613,0.039865874
1541,0.05550698,0.037491858,0.039869957
1542,0.05548699,0.037485138,0.039861523
1543,0.05550868,0.037492428,0.039870664
1544,0.055516675,0.037495106,0.039874017
1545,0.055549897,0.037506245,0.039887995
1546,0.055562273,0.037510403,0.039893195
1547,0.055568777,0.037512586,0.03989593
1548,0.055603486,0.037524223,0.039910525
1549,0.055565886,0.037511617,0.039894715
1550,0.055536114,0.03750163,0.039882198
1551,0.055549085,0.037505984,0.03988766
1552,0.0555476,0.037505478,0.039887026
1553,0.055535305,0.037501365,0.039881863
1554,0.055535816,0.03750152,0.039882056
1555,0.055409282,0.037459083,0.039828867
1556,0.055406306,0.037458096,0.039827608
1557,0.055396054,0.037454657,0.03982331
1558,0.055386737,0.037451524,0.039819382
1559,0.05526939,0.037412174,0.039770037
1560,0.055191007,0.03738589,0.039737068
1561,0.055212907,0.037393227,0.039746277
1562,0.055210955,0.03739257,0.039745457
1563,0.055196535,0.037387732,0.039739385
1564,0.055198915,0.03738854,0.039740406
1565,0.055181816,0.03738279,0.039733194
1566,0.055175137,0.03738057,0.039730392
1567,0.055177055,0.0373812,0.03973119
1568,0.055139158,0.03736849,0.039715253
1569,0.05513503,0.037367117,0.039713524
1570,0.055127714,0.037364673,0.039710462
1571,0.055128355,0.037364885,0.039710734
1572,0.05512801,0.03736475,0.039710566
1573,0.055119462,0.0373619,0.03970699
1574,0.05512074,0.037362326,0.03970752
1575,0.0551298,0.037365366,0.039711326
1576,0.055146724,0.037371054,0.039718464
1577,0.05515311,0.037373178,0.039721128
1578,0.055139925,0.037368752,0.039715588
1579,0.055163104,0.037376523,0.039725333
1580,0.055161145,0.03737587,0.039724503
1581,0.055114485,0.03736023,0.03970489
1582,0.055118103,0.037361432,0.039706398
1583,0.055117976,0.037361402,0.039706364
1584,0.05512312,0.037363134,0.039708532
1585,0.055125035,0.037363753,0.039709315
1586,0.055156723,0.037374377,0.03972263
1587,0.05518369,0.03738343,0.03973399
1588,0.055201598,0.037389427,0.03974151
1589,0.05517833,0.037381634,0.03973174
1590,0.055168375,0.037378296,0.03972755
1591,0.055142265,0.037369534,0.039716564
1592,0.055130947,0.03736575,0.039711818
1593,0.05513299,0.037366442,0.03971269
1594,0.055121038,0.03736243,0.039707653
1595,0.054940492,0.037301905,0.039631728
1596,0.054940358,0.03730186,0.039631672
1597,0.05554373,0.037504174,0.039885387
1598,0.055630453,0.037533272,0.039921865
1599,0.055626452,0.037531927,0.03992018
1600,0.05562377,0.03753104,0.039919056
1601,0.05564759,0.037539028,0.039929084
1602,0.055638786,0.037536073,0.039925374
1603,0.055639595,0.03753634,0.03992571
1604,0.055581454,0.03751684,0.039901264
1605,0.055465892,0.037478067,0.039852656
1606,0.055424973,0.03746434,0.039835446
1607,0.055428293,0.03746546,0.039836846
1608,0.05543097,0.037466347,0.039837964
1609,0.055401117,0.037456326,0.03982541
1610,0.055356666,0.03744143,0.039806716
1611,0.05535633,0.037441324,0.039806597
1612,0.055333957,0.037433818,0.03979718
1613,0.05533906,0.03743553,0.039799333
1614,0.054869544,0.037278146,0.039601915
1615,0.05467985,0.037214577,0.039522145
1616,0.054663517,0.037209097,0.039515264
1617,0.05466913,0.03721098,0.039517634
1618,0.054583255,0.03718222,0.039481536
1619,0.05450198,0.037154995,0.039447352
1620,0.054502744,0.037155267,0.039447702
1621,0.054503083,0.037155353,0.039447807
1622,0.05449645,0.037153143,0.039445035
1623,0.05406428,0.037008457,0.03926336
1624,0.054047525,0.037002854,0.03925632
1625,0.053990357,0.036983714,0.039232276
1626,0.053959224,0.036973298,0.039219193
1627,0.053953014,0.03697122,0.039216578
1628,0.053937066,0.036965884,0.039209872
1629,0.053937066,0.036965884,0.039209872
1630,0.05393158,0.03696405,0.039207578
1631,0.053924903,0.03696181,0.039204765
1632,0.053905465,0.03695531,0.039196588
1633,0.05386153,0.03694062,0.03917814
1634,0.053902954,0.036954485,0.03919556
1635,0.05390925,0.036956582,0.03919819
1636,0.053915374,0.03695862,0.039200746
1637,0.053894706,0.036951706,0.03919207
1638,0.05388888,0.03694977,0.03918963
1639,0.053840436,0.036933556,0.039169274
1640,0.05383712,0.036932442,0.03916786
1641,0.053851914,0.036937404,0.039174102
1642,0.053826015,0.036928736,0.03916321
1643,0.053821765,0.036927313,0.03916142
1644,0.053822827,0.03692766,0.03916186
1645,0.053787522,0.03691587,0.039147034
1646,0.0536114,0.03685694,0.03907299
1647,0.053611144,0.03685686,0.03907289
1648,0.053553343,0.036837533,0.0390486
1649,0.053547304,0.03683551,0.039046057
1650,0.05369974,0.036886483,0.039110117
1651,0.05375014,0.036903344,0.039131306
1652,0.0537159,0.036891896,0.03911691
1653,0.05371535,0.036891714,0.039116688
1654,0.053703777,0.036887836,0.039111823
1655,0.05433219,0.037098132,0.039375976
1656,0.05435167,0.037104663,0.03938417
1657,0.05434044,0.037100907,0.039379455
1658,0.05448054,0.037147805,0.039438345
1659,0.054760404,0.03724157,0.03955602
1660,0.05476764,0.037243985,0.039559048
1661,0.05479005,0.037251487,0.03956847
1662,0.05478724,0.037250556,0.03956729
1663,0.05477763,0.037247334,0.039563254
1664,0.054774698,0.03724636,0.03956203
1665,0.05477385,0.037246063,0.03956166
1666,0.054896593,0.037287198,0.03961327
1667,0.05494389,0.03730306,0.03963317
1668,0.054961797,0.037309058,0.039640702
1669,0.05496256,0.037309304,0.039641004
1670,0.054962732,0.03730937,0.039641093
1671,0.05496303,0.03730946,0.039641198
1672,0.054898933,0.03728798,0.039614253
1673,0.054908544,0.037291206,0.039618306
1674,0.05494491,0.037303388,0.039633587
1675,0.054940954,0.03730207,0.039631933
1676,0.054946445,0.037303902,0.039634235
1677,0.054969795,0.03731173,0.039644055
1678,0.054968942,0.03731145,0.039643705
1679,0.054971665,0.03731235,0.039644822
1680,0.054938316,0.037301183,0.039630808
1681,0.054926794,0.03729732,0.039625973
1682,0.05493857,0.03730128,0.03963094
1683,0.055038825,0.037334874,0.039673083
1684,0.05503593,0.037333883,0.039671853
1685,0.055020746,0.037328817,0.03966549
1686,0.05496001,0.037308455,0.039639942
1687,0.05496673,0.037310712,0.039642774
1688,0.05504065,0.037335478,0.039673842
1689,0.054440435,0.037134387,0.039421495
1690,0.054444347,0.037135698,0.03942313
1691,0.05452329,0.03716213,0.039456323
1692,0.054549616,0.03717096,0.039467398
1693,0.0545591,0.037174124,0.03947137
1694,0.054593973,0.03718581,0.039486043
1695,0.052515615,0.036490813,0.038612515
1696,0.049596973,0.035518788,0.03738679
1697,0.0385581,0.031883582,0.03276085
1698,0.036685318,0.031273246,0.031977624
1699,0.035864633,0.031006372,0.031634547
1700,0.0361794,0.031108685,0.03176613
1701,0.038950525,0.0320117,0.032925017
1702,0.039077297,0.032053113,0.03297808
1703,0.039041873,0.032041535,0.03296324
1704,0.040580265,0.032544665,0.03360706
1705,0.04077316,0.032607846,0.033687826
1706,0.04101327,0.032686494,0.03378833
1707,0.041690383,0.032908503,0.034071848
1708,0.04204999,0.0330265,0.03422244
1709,0.0420656,0.033031628,0.034228973
1710,0.042027794,0.033019222,0.034213148
1711,0.04202418,0.033018023,0.034211624
1712,0.0422551,0.03309384,0.034308344
1713,0.04215129,0.033059753,0.034264863
1714,0.042340748,0.033121955,0.034344207
1715,0.04233684,0.033120666,0.034342565
1716,0.042378813,0.033134468,0.034360163
1717,0.042342834,0.03312264,0.034345094
1718,0.04235338,0.03312611,0.03434951
1719,0.042378984,0.033134516,0.03436023
1720,0.042392,0.03313878,0.034365673
1721,0.042387065,0.03313716,0.034363613
1722,0.042452596,0.033158693,0.034391068
1723,0.042588174,0.03320322,0.03444784
1724,0.042547096,0.03318974,0.034430653
1725,0.042420235,0.033148058,0.034377497
1726,0.042438053,0.033153906,0.03438496
1727,0.042445578,0.033156388,0.034388125
1728,0.042119354,0.033049278,0.034251504
1729,0.04205688,0.033028755,0.03422532
1730,0.04203064,0.03302015,0.034214333
1731,0.042029664,0.033019837,0.034213938
1732,0.042016905,0.033015646,0.034208596
1733,0.041837994,0.03295692,0.03413365
1734,0.04180074,0.03294471,0.03411807
1735,0.041717894,0.032917522,0.03408336
1736,0.04171964,0.03291809,0.034084085
1737,0.041727807,0.032920774,0.03408751
1738,0.041721724,0.032918785,0.034084976
1739,0.041712157,0.032915656,0.03408097
1740,0.041615535,0.032883935,0.03404049
1741,0.041609794,0.032882057,0.034038097
1742,0.041609667,0.03288202,0.03403804
1743,0.041618172,0.032884825,0.03404162
1744,0.04164777,0.03289452,0.034053992
1745,0.04166784,0.03290111,0.034062408
1746,0.041651517,0.032895744,0.03405556
1747,0.04164556,0.0328938,0.03405308
1748,0.041663036,0.03289953,0.03406039
1749,0.041626334,0.032887504,0.03404504
1750,0.041613366,0.03288324,0.0340396
1751,0.041639395,0.03289178,0.034050494
1752,0.041629057,0.03288839,0.034046166
1753,0.041639224,0.03289172,0.034050424
1754,0.041632716,0.03288957,0.034047686
1755,0.04161966,0.032885298,0.03404223
1756,0.04150518,0.03284776,0.033994295
1757,0.041466054,0.032834932,0.03397792
1758,0.041429862,0.032823063,0.033962764
1759,0.041455124,0.03283134,0.033973336
1760,0.041526824,0.032854855,0.034003362
1761,0.04152257,0.032853454,0.034001566
1762,0.04136688,0.0328024,0.03393638
1763,0.041366328,0.03280223,0.033936158
1764,0.041365605,0.032801982,0.03393584
1765,0.04142208,0.032820493,0.033959486
1766,0.0415463,0.032861233,0.034011506
1767,0.04152844,0.03285539,0.03400404
1768,0.041582193,0.032873012,0.03402654
1769,0.041348465,0.032796368,0.033928674
1770,0.041386954,0.032808986,0.033944786
1771,0.041413575,0.032817714,0.03395593
1772,0.041409574,0.032816406,0.033954263
1773,0.041380998,0.032807037,0.033942305
1774,0.041569266,0.03286878,0.034021128
1775,0.04157254,0.03286985,0.034022495
1776,0.041573305,0.032870095,0.034022816
1777,0.041625995,0.032887384,0.034044888
1778,0.04162166,0.032885954,0.034043066
1779,0.041617364,0.032884546,0.034041256
1780,0.041605376,0.032880608,0.034036234
1781,0.041524995,0.03285425,0.034002587
1782,0.042131983,0.033053406,0.034256767
1783,0.04217443,0.03306735,0.034274556
1784,0.04220007,0.033075765,0.034285292
1785,0.042157374,0.033061758,0.034267418
