,NAIVE,HAR,FNN-HAR
0,0.033682049253960226,0.04154153430132544,0.056269575
1,0.033634317176259525,0.04152057617228658,0.05625629
2,0.033674390084192436,0.04154045753810478,0.05629228
3,0.0332843811567092,0.04136033028404869,0.056087293
4,0.033246811569835236,0.04134412188358762,0.056079976
5,0.0332208750014091,0.04133332612022532,0.05607921
6,0.033030970195765154,0.04124628033686939,0.05598679
7,0.03298962922592515,0.041228328131842254,0.055977836
8,0.033010723536609804,0.04123934918638762,0.05600429
9,0.03295562110153172,0.04121494773322705,0.055987813
10,0.032863996341528354,0.041173580277022545,0.055951186
11,0.03286971226838696,0.04117748621766896,0.055969078
12,0.0328837609921739,0.041185261358596466,0.055991635
13,0.03231074426433512,0.04092005550301185,0.055685695
14,0.03227662233409743,0.040905502396868805,0.05568144
15,0.03227926013790942,0.04090783947291329,0.05569773
16,0.032237052223355184,0.04088930482149412,0.05568892
17,0.032321714728822205,0.0409297617846147,0.05575104
18,0.032021930188040434,0.04079144415931729,0.055598162
19,0.032035362520330506,0.040798792487133625,0.055620536
20,0.032067744552579436,0.040814936905015024,0.055653416
21,0.03207767101943057,0.0408206250921916,0.05567381
22,0.032079760979856174,0.04082272313666206,0.05568971
23,0.031817168643854116,0.04070173759536181,0.055557854
24,0.03181048734583327,0.040699786658623324,0.055569243
25,0.03151708829497656,0.04056450138826518,0.055420443
26,0.03134836966173589,0.04048718566120794,0.05534146
27,0.03134961409160765,0.04048892412922544,0.0553575
28,0.03130909575575468,0.04047122819028937,0.05535023
29,0.031291306448009634,0.04046409820359561,0.055355385
30,0.03128923566710225,0.04046427774285546,0.0553694
31,0.031276851493162575,0.0404596459558369,0.05537756
32,0.031176261380416268,0.0404139962769945,0.05533655
33,0.0311759948308352,0.040414998730281766,0.055351615
34,0.031133290679443707,0.040396241999354945,0.055343136
35,0.031128820372826018,0.040395260891424166,0.055356033
36,0.031047144369505775,0.04035838321263419,0.055325884
37,0.03099094810835956,0.04033315740690438,0.05531017
38,0.03088086445322203,0.040282840737917366,0.055264413
39,0.03080876923174295,0.04025020272673415,0.055239864
40,0.03074036198175727,0.0402192180133893,0.055217363
41,0.030620969572503917,0.04016453444323258,0.05516653
42,0.03063156271310255,0.04017031173287796,0.055188335
43,0.03063953284539395,0.04017486891153772,0.05520861
44,0.030639376259658964,0.04017564605882627,0.05522435
45,0.030673721000041863,0.04019245958575471,0.055259362
46,0.030635136195937582,0.04017532651854672,0.05525365
47,0.030628313576094617,0.040172908343638625,0.05526592
48,0.030683084376638314,0.04019908322083944,0.05531247
49,0.03074827228416756,0.04023009103625581,0.05536494
50,0.030605843687918226,0.04016455818902387,0.05530151
51,0.03064160817061165,0.04018181220488607,0.05533745
52,0.03050397642759247,0.04011844286743825,0.055276763
53,0.03059223816773936,0.0401601269627244,0.055342063
54,0.030690776322508374,0.04020657435360705,0.055413082
55,0.030698218181070637,0.04021064890477612,0.05543331
56,0.03074921383275525,0.04023497969335941,0.055477828
57,0.03077584697495891,0.04024798226462135,0.05550864
58,0.030767665074912364,0.04024479269861294,0.05552008
59,0.030900070383934587,0.040306974433169,0.05560994
60,0.030942291354802486,0.04032720379388309,0.055649403
61,0.030947970004029605,0.040330421707070796,0.055668533
62,0.030937478573825887,0.04032611203687815,0.055678498
63,0.030941083266022094,0.040328348371845776,0.055696554
64,0.030938252057127164,0.04032758890890891,0.05571097
65,0.030992293519458144,0.04035327406308837,0.05575718
66,0.030986728140795214,0.040351234598057735,0.055770062
67,0.03089765658269676,0.04031037103791002,0.055736393
68,0.030914240412429007,0.040318645382123826,0.055761743
69,0.030889776915144274,0.0403078717341903,0.05576431
70,0.03080152775165752,0.0402674367515405,0.055731364
71,0.030762200959356088,0.04024975266975719,0.05572576
72,0.03076510550469615,0.04025169525309556,0.05574376
73,0.030727472541662974,0.040234792491872055,0.055739157
74,0.030723668769954592,0.040233614527372216,0.05575341
75,0.030721176205363267,0.040233051620694224,0.05576863
76,0.030714183757601637,0.04023039615947287,0.055781342
77,0.03069150349516125,0.04022044737156812,0.055785365
78,0.03069190797124328,0.04022123250567287,0.055802263
79,0.030692236048858432,0.04022200273500418,0.05581917
80,0.03062988334803401,0.040193619903228235,0.05580114
81,0.030600516271268963,0.04018058869272406,0.055801533
82,0.0306034115593843,0.040182522352339455,0.05581989
83,0.0305556269108986,0.04016088178319878,0.05581011
84,0.030661752497850563,0.04021082041402914,0.055886142
85,0.03066920517753743,0.04021485262948432,0.055907182
86,0.03066003923500952,0.04021116009900177,0.055918902
87,0.030660740592145755,0.04021206961262759,0.055936
88,0.030636842432341983,0.04020152174427696,0.05593933
89,0.030642400595781487,0.04020465718849422,0.055959076
90,0.030640546983572638,0.04020434650625268,0.055974677
91,0.030671064865959063,0.04021910586246374,0.05600798
92,0.03069122597561409,0.04022906067230782,0.05603525
93,0.03060823220415105,0.04019104868324376,0.056004927
94,0.029747570930856868,0.03979145738598531,0.05554116
95,0.02964197944800903,0.03974307306998066,0.0554984
96,0.02947003148088013,0.03966388274443666,0.05541794
97,0.029355046863935374,0.039611203783318574,0.05536913
98,0.02997489104890806,0.039900274177514204,0.05572861
99,0.029834427252298783,0.03983572856928406,0.055664513
100,0.028961527825821936,0.03943060384543455,0.055193223
101,0.029048214099681637,0.039471782984395735,0.055256147
102,0.029096075404539814,0.039494860326936596,0.05529744
103,0.029427253460317424,0.03964967161677316,0.055496328
104,0.02940691003187158,0.03964098875852024,0.055499405
105,0.029506660894169562,0.039688155269676895,0.055569366
106,0.028914606443429955,0.03941362786931576,0.055254444
107,0.028934605071238424,0.039423770121761674,0.055279925
108,0.028894702034647706,0.039406061322679264,0.055271983
109,0.02884634150338615,0.03938441983340126,0.055259444
110,0.028897424393650367,0.03940902280087893,0.055302076
111,0.02871663918137078,0.03932580167171286,0.05521581
112,0.02870740884382488,0.0393223771831077,0.055225026
113,0.027024843733227017,0.03854087803996262,0.054305054
114,0.027029386526301,0.03854405078280832,0.054322597
115,0.027106412510458918,0.038580950345150286,0.0543804
116,0.02724980448206264,0.03864870190700984,0.054474898
117,0.02725295597006104,0.03865122295229707,0.05449163
118,0.027252312228952358,0.038651982149587,0.05450622
119,0.027298259527117785,0.03867440965629696,0.05454652
120,0.027019254436577718,0.03854573003702029,0.05440663
121,0.026943407192358916,0.038511557364940906,0.05437961
122,0.026881084410851703,0.03848367974722246,0.054360084
123,0.027178841304895788,0.03862324321181523,0.054540206
124,0.027164123935716118,0.03861746505709081,0.05454704
125,0.027158968348019258,0.03861613572398924,0.05455911
126,0.02710366817648336,0.038591432943630634,0.054543376
127,0.027087155810903197,0.038584727481911656,0.05454912
128,0.02706536080638616,0.03857557660665584,0.054551747
129,0.027073758964900798,0.03858047208111578,0.054571055
130,0.027066425240142748,0.038578048657216826,0.054581635
131,0.02706871542607204,0.03858009256259019,0.054597456
132,0.027219350890297745,0.03865111021132492,0.05469545
133,0.02731920849237032,0.038698517433893014,0.05476522
134,0.02723333880376551,0.03865971690229058,0.054732107
135,0.02725252086451773,0.03866971770012384,0.054757204
136,0.027288828463307352,0.03868770488555508,0.054791734
137,0.027294666870909447,0.0386915463342364,0.054809317
138,0.02729134866712491,0.03869112228608797,0.054821856
139,0.027292270516213173,0.03869266853032606,0.054836694
140,0.027214178007205627,0.038657487539907075,0.054807607
141,0.027217984770612283,0.03866039332008788,0.05482404
142,0.027218000062313195,0.03866152037470963,0.054838307
143,0.02734763276095921,0.03872291137807217,0.054924514
144,0.02737548821709325,0.03873704276490796,0.05495432
145,0.02737072320993231,0.03873598015587761,0.054966055
146,0.0273216783066336,0.038714286781038165,0.054953236
147,0.027321611195050163,0.03871548849222906,0.05496767
148,0.027313329824005268,0.038712876161598804,0.054977573
149,0.02747388462845636,0.0387887791278276,0.055081036
150,0.02754114090881472,0.038821282714970734,0.05513272
151,0.02786592214930384,0.03897349513673431,0.055327274
152,0.027909958801525636,0.038995108916295644,0.055365983
153,0.027912223819879168,0.038997283929157585,0.055381484
154,0.028228966235339145,0.039145711272033805,0.055571064
155,0.02818505422827133,0.03912641380277212,0.055560395
156,0.028187438668611262,0.039128655620178344,0.055575076
157,0.028208613119341776,0.03913967071280196,0.055600047
158,0.02821907417647848,0.039145734175328996,0.055618934
159,0.02822589336481483,0.03915012328632818,0.055635713
160,0.028277173082007112,0.039175206254753105,0.055677112
161,0.02807738234571826,0.03908353608220514,0.05557921
162,0.02807347031370545,0.039082977801968115,0.055590034
163,0.028082566230288958,0.03908849162778256,0.05560807
164,0.028072270439331973,0.03908498096097229,0.055615388
165,0.02813752378740554,0.03911660058771459,0.055664532
166,0.028134520558684328,0.03911648502137694,0.05567573
167,0.02811493686737304,0.039108643350749456,0.05567773
168,0.028197527103674618,0.03914831334741213,0.055736437
169,0.028183926413358863,0.03914324095267416,0.055741698
170,0.028517142722464688,0.039299454611740635,0.05593946
171,0.028521519404854524,0.039302723773068184,0.055954553
172,0.028543062801566026,0.03931398675237494,0.055979185
173,0.028536665747393167,0.039312255855470345,0.055988345
174,0.028248179318125937,0.03917935335661574,0.05584094
175,0.0283098231850527,0.03920929328507742,0.055888087
176,0.028238239165782643,0.03917722145020375,0.055861175
177,0.027919604331572218,0.039030286554685795,0.055697277
178,0.028003928362160962,0.03907079118519475,0.055756886
179,0.02802765235874992,0.03908311179710466,0.055782788
180,0.028218296829942268,0.039173048169628036,0.055901274
181,0.028264515420295483,0.039195784938565396,0.055939347
182,0.028207787178948656,0.039170649114367614,0.055920266
183,0.02815187179759668,0.03914586561522556,0.05590159
184,0.02808322039278991,0.039115175081324664,0.055875953
185,0.02806908635603281,0.039109845979427564,0.0558806
186,0.028056232624300924,0.039105108554183476,0.05588592
187,0.028017246882481597,0.03908820869556279,0.05587673
188,0.028028015238012204,0.03909445009182786,0.055895112
189,0.028069911338775757,0.0391151523119923,0.0559308
190,0.028218356752877188,0.03918539119729548,0.05602553
191,0.02826855267441492,0.03920992832927579,0.056065716
192,0.028262477186868137,0.039208287400770724,0.0560746
193,0.028263026025815718,0.03920971259801203,0.05608722
194,0.028261665888690474,0.039210236278418055,0.05609875
195,0.028227493812410007,0.03919546022395415,0.056092024
196,0.028239784586803787,0.03920229508005942,0.056111075
197,0.02826207649782765,0.03921373735426279,0.056135602
198,0.02818559021560358,0.03917925130864052,0.05610529
199,0.028183105385929923,0.039179176059963655,0.05611598
200,0.028157902335673113,0.039168526178439175,0.05611414
201,0.028274528316459463,0.039223856308036154,0.05619093
202,0.028278768905640694,0.039226926902220224,0.056205265
203,0.028284984447299957,0.039230913379871946,0.056220718
204,0.028337298585250432,0.03925632432005459,0.056261703
205,0.028464134336014562,0.03931638310079497,0.056344014
206,0.028477659069158213,0.03932372444552487,0.056363344
207,0.028441296882710226,0.039307867597937966,0.056355007
208,0.02823577155283156,0.039213331057317564,0.05625277
209,0.027953327330155545,0.03908303737300301,0.056108076
210,0.02833112961757017,0.03925978891505538,0.056329615
211,0.028746068769973977,0.039453759137228595,0.056571558
212,0.028487709145464907,0.03933459792974851,0.056439765
213,0.02845157834584492,0.03931879240910119,0.056431558
214,0.028421339567589587,0.039305739908405656,0.056426622
215,0.028442655347233663,0.03931665229991345,0.056450326
216,0.02844334020913882,0.03931796280335497,0.05646261
217,0.028436938218470174,0.03931597979976621,0.05647082
218,0.028509103805816324,0.039350531970048,0.05652269
219,0.028522726620290567,0.03935785782640172,0.056541704
220,0.028584810100289588,0.039387713888133204,0.056587648
221,0.028588453219717317,0.03939033456977423,0.056601066
222,0.02859873997712955,0.0393960576922129,0.056618087
223,0.028521889261407175,0.03936129948855297,0.056586873
224,0.028518760019005964,0.03936081028712195,0.05659654
225,0.028519019762502963,0.03936191138437696,0.056608103
226,0.028849676579471024,0.03951663754280655,0.05680292
227,0.029074712840934474,0.039622207309179966,0.05693908
228,0.029091666138697233,0.039631004272608454,0.056959607
229,0.029143670959735125,0.039656146419421785,0.056999616
230,0.029073696583501875,0.03962456762761047,0.05697187
231,0.029101695835118624,0.03963856870242256,0.056998543
232,0.02913445763310484,0.03965479856944527,0.05702788
233,0.029129952552966694,0.03965369032664306,0.05703648
234,0.02907792371938845,0.03963048993552603,0.057018712
235,0.029093648370143808,0.03963880356560461,0.05703848
236,0.028798905153374875,0.039502756338668996,0.056886047
237,0.028784280043369807,0.03949699952879736,0.056889143
238,0.02879628699537512,0.03950362730477366,0.056907073
239,0.02875697245543232,0.03948634072455651,0.05689642
240,0.028768329130242118,0.0394923635651732,0.056913696
241,0.02890016925768185,0.03955439424810017,0.0569977
242,0.028905182338426663,0.039557374873583205,0.057011254
243,0.02870615422467318,0.03946547232745401,0.056911588
244,0.02872272411486328,0.03947384321028049,0.056931615
245,0.028722173959274525,0.03947425778364685,0.05694218
246,0.02870063382604285,0.03946490883081191,0.05694105
247,0.02870555194101693,0.039467877213239314,0.05695462
248,0.028713908093950895,0.039472456182366965,0.056969915
249,0.028691608843169483,0.03946277299493568,0.056968234
250,0.028560833189962068,0.039402654147560515,0.05690638
251,0.028539309035332968,0.039393358138962276,0.056905083
252,0.02813898785320389,0.0392079105098438,0.056693777
253,0.028158872561102794,0.03921790126340582,0.056715623
254,0.02806873757508881,0.03917675621551887,0.056676462
255,0.02804054700136875,0.039164462599071956,0.056671686
256,0.028096240839990617,0.03919118167349461,0.05671341
257,0.028081753453490992,0.03918527364892672,0.05671622
258,0.028053979464378417,0.039173134531299905,0.05671166
259,0.02805263635383937,0.03917329570967477,0.05672165
260,0.0280985496175257,0.03919543316486055,0.056757882
261,0.02810845035773184,0.03920083078500244,0.05677397
262,0.02811191798976,0.03920322623873377,0.056786437
263,0.02805190021871639,0.03917608713092827,0.056763787
264,0.02805889328687288,0.039180123727303263,0.056778237
265,0.028078447934763863,0.03919003669818994,0.056799717
266,0.02812657573485261,0.03921351334817161,0.05683724
267,0.02816142686753311,0.03923081632332448,0.05686734
268,0.028184778046763025,0.03924275202474906,0.056891073
269,0.028244992132235663,0.039271811018644555,0.056935243
270,0.028187932844560608,0.03924633750961669,0.056914285
271,0.02819351833458928,0.03925000581390209,0.05692807
272,0.02822228211896616,0.03926448260469879,0.056954768
273,0.028262038014024424,0.03928406423451897,0.056987487
274,0.028232503750298187,0.03927146180546321,0.056981694
275,0.028268361990533612,0.039289289518688444,0.057012066
276,0.02879050042539901,0.039533230881100105,0.057312034
277,0.029141686605845714,0.03969761162203134,0.057517044
278,0.029141695662473956,0.039698671282111325,0.057527058
279,0.02913372694427561,0.0396960089200863,0.05753264
280,0.029132931787005288,0.03969666796613241,0.057542223
281,0.029134933585642318,0.03969858311777917,0.057553288
282,0.029142767937105088,0.039703212314870784,0.05756759
283,0.029139710246508493,0.03970276002361596,0.05757588
284,0.029196511674226367,0.039730135614745025,0.057617303
285,0.029237385318021364,0.039750099450132644,0.05764968
286,0.029246967577596195,0.03975550232596101,0.057664692
287,0.02917559162825841,0.03972326682024631,0.057634756
288,0.029160649662888387,0.0397172541017899,0.057636134
289,0.029156238490699638,0.039716150823096694,0.057643175
290,0.02910533801510805,0.03969341900593823,0.057624467
291,0.029284868182529757,0.03977783207635337,0.05773355
292,0.02928632517864653,0.03977942690045481,0.057743713
293,0.029287854928968283,0.03978105522686398,0.057753853
294,0.029297386209085095,0.039786421345071814,0.057768255
295,0.029326420179107762,0.03980086798803791,0.057793275
296,0.029305718870299095,0.03979222049478675,0.05779007
297,0.029264470118367882,0.03977402827522273,0.057775408
298,0.029319082687837693,0.03980048442042495,0.057813987
299,0.02933355542338765,0.03980827447233596,0.057830222
300,0.029307606598221406,0.03979733171856123,0.057824068
301,0.02933615855620508,0.03981178227698319,0.057848185
302,0.029420106366846107,0.03985199737385351,0.05790303
303,0.029543852192873987,0.03991071857693845,0.0579798
304,0.02954406112931737,0.03991200152596621,0.05798796
305,0.02963410324471735,0.039955054722980096,0.058045965
306,0.029766913412667927,0.04001799177200728,0.058127593
307,0.029754436177018662,0.04001335610992314,0.05812849
308,0.0297551642533528,0.040014861586344735,0.05813671
309,0.02982006926502808,0.04004621849384404,0.058180414
310,0.029957931202865724,0.04011141461239429,0.058264554
311,0.03001476829434473,0.040138926526627504,0.05830335
312,0.030014036841532882,0.04013965152698656,0.05831007
313,0.029925278290768662,0.04009943275119507,0.058267843
314,0.029892403517836612,0.04008520866155703,0.058256656
315,0.029937296353065,0.04010712477029818,0.05828859
316,0.030024315039911324,0.04014862784823606,0.05834394
317,0.02994586341896133,0.04011319959909732,0.058307365
318,0.02996310648907693,0.04012228145675454,0.058323845
319,0.030629912988171894,0.040433427231000206,0.05870119
320,0.03060336128002282,0.040422097845139456,0.05869299
321,0.03063307774298098,0.040436938744293,0.05871603
322,0.03063744596880893,0.0404400024881981,0.058724716
323,0.03075962777655552,0.04049784869157399,0.058798853
324,0.030955667034137206,0.04059003418561475,0.05891403
325,0.031030859880894938,0.040626042072172755,0.05896123
326,0.03107188713590788,0.040646154596354,0.058989458
327,0.031071468808398093,0.040646991524448756,0.058994614
328,0.03107024612292175,0.04064745955778888,0.05899921
329,0.031097768076229406,0.04066129277233465,0.059019707
330,0.03113778320942143,0.04068092717339393,0.059047118
331,0.03126341568081376,0.04074034356693563,0.059122045
332,0.031280055121377666,0.040749061143704406,0.059136476
333,0.031230201363493814,0.040726861866420175,0.059113853
334,0.031192672872374143,0.04071040169161972,0.059098072
335,0.03116554716174806,0.040698805259132796,0.059087787
336,0.03110984280855,0.04067392749022954,0.059061494
337,0.030912248701637637,0.04058308344354666,0.058956288
338,0.030911755434627087,0.04058392480170692,0.058960747
339,0.030889804396071318,0.04057480278571416,0.05895323
340,0.03098577667969601,0.04062050771777197,0.05901122
341,0.03089347755169699,0.04057865487662884,0.05896452
342,0.030800325090252555,0.04053642280345463,0.05891734
343,0.03063059829885865,0.04045860425313791,0.058827598
344,0.030584339937225095,0.04043821312375343,0.058806498
345,0.030930927654416882,0.040600502989878086,0.05900374
346,0.030986566985450863,0.04062746971453656,0.059039053
347,0.030760015906744338,0.040523217887214705,0.058917467
348,0.03071156711065865,0.040501806102773166,0.058895
349,0.030726670300958075,0.04050994336612552,0.05890782
350,0.030740490065525775,0.04051749184782252,0.058919873
351,0.03073126723938105,0.04051436095296732,0.058918968
352,0.030740451772629563,0.040519801294197445,0.058928218
353,0.030931761937276123,0.04060992762195298,0.059038617
354,0.03095266790777196,0.04062079660847093,0.0590542
355,0.031146341022280925,0.04071200720949548,0.05916566
356,0.0311819650657839,0.040729703820257875,0.05918904
357,0.03117588467742612,0.040727920872745425,0.059189036
358,0.031316513107724174,0.040794491011430914,0.059270706
359,0.03132732214360938,0.04080069462014494,0.059279993
360,0.031427968851697366,0.04084866051505367,0.059339218
361,0.031434396980790084,0.0408527838206567,0.059345987
362,0.03144616763546501,0.04085939108178626,0.059355743
363,0.03145696959455476,0.040865644163786796,0.059364542
364,0.031479317046964175,0.04087726352250029,0.0593798
365,0.03151565278327019,0.04089538473361292,0.059402667
366,0.03152130806527262,0.040899235491342605,0.05940842
367,0.03157530716488477,0.04092557720630819,0.0594411
368,0.031578360171739886,0.04092822565702128,0.059445336
369,0.031574777495072565,0.04092778839907677,0.05944591
370,0.03156318109971937,0.04092363271945658,0.05944209
371,0.031537798336444184,0.040913083184155825,0.05943031
372,0.0314235592009987,0.04086121850651867,0.059369184
373,0.03139038508811337,0.04084706747654997,0.059353083
374,0.0313907067035503,0.04084849765716693,0.05935567
375,0.03150882125957891,0.04090470445941711,0.059423793
376,0.03154706990414799,0.04092375740502645,0.05944734
377,0.0316086863795574,0.0409536756030982,0.0594838
378,0.031701176073468215,0.040997947433815914,0.059537448
379,0.031903667836515534,0.04109335640145472,0.059652228
380,0.03208870569449148,0.04118064496948611,0.059757225
381,0.03204976423757566,0.041163778972192235,0.059737444
382,0.03230559869113519,0.041283998254722544,0.059881683
383,0.03230911315040294,0.04128686089642916,0.059885345
384,0.0323200904836886,0.04129319229683568,0.05989311
385,0.03231953125512981,0.04129416578953002,0.059894532
386,0.031741847647335,0.04102677799618851,0.059574686
387,0.031777863645874614,0.0410448274971493,0.059596814
388,0.03178503339334926,0.0410494803828837,0.059602473
389,0.0317176680727147,0.04101948055154472,0.05956673
390,0.0313837787029209,0.04086555888541144,0.05938276
391,0.03118070328881165,0.04077250664981578,0.059271775
392,0.0311976048357085,0.04078176337550203,0.059283245
393,0.03109702186497705,0.04073639902269953,0.05922939
394,0.031018656348524107,0.04070137660893686,0.059187934
395,0.030995955065293613,0.040692251840017866,0.0591774
396,0.031532127356091844,0.04094299915374455,0.05947762
397,0.03153882722080545,0.04094749741485527,0.0594831
398,0.0314933992017815,0.0409277810400157,0.059459552
399,0.031470605191075814,0.04091859508812853,0.059448674
400,0.031465225225313934,0.04091750427744357,0.059447482
401,0.03206161856900595,0.04119623128102941,0.059781194
402,0.031682342003867534,0.04102121234181726,0.05957151
403,0.031612734841130606,0.04099021376643974,0.059534427
404,0.031498590373691744,0.040938508577001285,0.05947253
405,0.03162423360417728,0.040998319687868955,0.05954404
406,0.03162426504574903,0.04099971240897242,0.059545666
407,0.031619857268624464,0.04099903991222518,0.059544757
408,0.031596898593065234,0.040989757824564245,0.05953361
409,0.031710819407079587,0.04104411933508813,0.05959861
410,0.031795522777674334,0.04108488273306186,0.059647217
411,0.031631447659061784,0.04100995789432987,0.059557334
412,0.031628056177896144,0.04100977194106405,0.059556812
413,0.031673293628332114,0.041032202978302734,0.05958339
414,0.031646314292425044,0.041021052784261665,0.05956973
415,0.03170445759349142,0.04104950448870183,0.05960344
416,0.031999171829178684,0.04118795937301628,0.05976882
417,0.0319901929121627,0.041185169070331006,0.05976503
418,0.03202604762852907,0.041203231783393426,0.05978609
419,0.032026219628405767,0.04120470171618767,0.05978737
420,0.031902060363663005,0.041148387362211644,0.05971941
421,0.03178046268941453,0.04109325934741745,0.05965297
422,0.0317927512067768,0.04110026818219062,0.059660852
423,0.031794274506514834,0.04110226269837009,0.059662756
424,0.03178621069030132,0.04109979466854132,0.059659332
425,0.03190101647562868,0.04115441505196972,0.05972425
426,0.03189694155105055,0.041153743513300915,0.059722904
427,0.031932936881903774,0.04117171175141375,0.059743933
428,0.03193953388887915,0.04117601892329732,0.059748627
429,0.03194674258196307,0.041180617117921516,0.05975347
430,0.03202119234624442,0.041216483837048366,0.05979577
431,0.03191406736791482,0.041167916846305365,0.059736818
432,0.03189190461578306,0.04115879588181109,0.059725113
433,0.031886955541224865,0.04115768366461083,0.05972285
434,0.03189753765010801,0.04116380751639406,0.05972924
435,0.031926387575691294,0.041178303303347666,0.059745677
436,0.03197886262460689,0.04120379536014873,0.059775252
437,0.031826646168332716,0.0411342173391921,0.059691068
438,0.03176598419112686,0.041107231862757866,0.059657846
439,0.03148410834032927,0.04097742431846049,0.059501432
440,0.03142067570014069,0.04094921610039957,0.059466645
441,0.03140457743132154,0.040943048388646736,0.05945822
442,0.031129320223905608,0.04081636936693626,0.05930572
443,0.03112021172476725,0.040813445710843256,0.059301354
444,0.03111187985794165,0.0408108804750418,0.05929743
445,0.031298995448437776,0.04089917602711087,0.05940211
446,0.031294799257171886,0.04089849188803023,0.0594005
447,0.03127670017895761,0.040891334450359626,0.059391152
448,0.031152259781093563,0.040834712179754755,0.059322704
449,0.03112789489289415,0.04082466317613842,0.05930999
450,0.031185653145109783,0.040852815182940413,0.05934291
451,0.03118351194698363,0.04085310165271908,0.05934257
452,0.03117939046153158,0.040852482205983726,0.059341058
453,0.031131515926949124,0.04083153389404258,0.059315205
454,0.031154282051249687,0.040843434458739745,0.05932872
455,0.031149240072182588,0.04084240342992397,0.05932676
456,0.03106358739838657,0.04080389698284306,0.05928004
457,0.031052656884653907,0.040800159794442195,0.059274778
458,0.030745542457455814,0.04065870670459124,0.059104994
459,0.030774563250931405,0.04067361882592576,0.059122242
460,0.030770091957547006,0.040672966742877376,0.05912087
461,0.030751629847215838,0.04066581036441419,0.0591117
462,0.030762581048850195,0.04067233879641736,0.059118807
463,0.030705818158291456,0.04064737691919182,0.059088305
464,0.0307046495078333,0.040648295102105825,0.059088722
465,0.03067414815915465,0.04063556483913639,0.05907289
466,0.030595531381546293,0.040600447837891476,0.059030328
467,0.030578356470118487,0.040593899469499574,0.05902192
468,0.030405737767448437,0.040515083947238476,0.058927216
469,0.030341096277514582,0.040486492812925365,0.05889256
470,0.030320535412283838,0.04047840475395936,0.058882497
471,0.03032392887061075,0.040481466788519944,0.058885843
472,0.030323810976195936,0.04048288183093071,0.05888723
473,0.03034939785345268,0.040496245212488194,0.058902904
474,0.030351324928573287,0.0404986034696289,0.058905385
475,0.030329208075643713,0.04048978607596417,0.058894582
476,0.030386737166986536,0.04051801436949301,0.05892792
477,0.030419694451242776,0.04053482525102267,0.058947466
478,0.03033417154478892,0.04049653760696785,0.058901273
479,0.030295411603684094,0.04048000665452079,0.05888107
480,0.030284056961689683,0.040476227513294445,0.05887606
481,0.03026469724149633,0.040468734696689816,0.05886659
482,0.030586332671919025,0.040619808731094866,0.059046395
483,0.0305896435015066,0.04062286927475278,0.059049197
484,0.030584490211374337,0.04062199630919275,0.059047252
485,0.030801681237500125,0.04072451065494185,0.059168883
486,0.030707831341717187,0.040682374034777924,0.05911755
487,0.030758245106887638,0.040707325751833716,0.059146367
488,0.030720322766155564,0.04069120998147462,0.059126116
489,0.03062118522631773,0.04064660374591028,0.05907181
490,0.030673154997633068,0.04067226591132529,0.059101496
491,0.030766929771859363,0.040717359237627565,0.05915442
492,0.03071973904408548,0.04069689291168029,0.05912893
493,0.030709561270483837,0.04069364341337961,0.059123926
494,0.030842891233798686,0.0407571290477006,0.059198715
495,0.031228291560711524,0.04093781075221644,0.059413478
496,0.03131355157280046,0.04097888436459005,0.05946129
497,0.03139823219945325,0.04101968279034645,0.059508644
498,0.03106541287892373,0.0408663225960126,0.059324123
499,0.030645178098490426,0.04067235150604475,0.059091285
500,0.030982419641743014,0.04083065194550841,0.059279602
501,0.03155665335252197,0.041099127145513045,0.059599414
502,0.03159823651109505,0.04111983825082621,0.059622917
503,0.031735577068147613,0.041185077794347574,0.05969973
504,0.031735037437297366,0.04118622700216741,0.059699766
505,0.03187338187036528,0.04125196459895749,0.059777573
506,0.03204030470083153,0.041330972736956316,0.059871327
507,0.032037729271005184,0.04133114232254684,0.05987069
508,0.03209763841068985,0.04136034748751168,0.059905052
509,0.032091681250240145,0.04135892130675672,0.059902735
510,0.03210568459060653,0.04136676425673178,0.059911754
511,0.03211567810717904,0.04137270544060396,0.059918478
512,0.03211808762375476,0.04137512138474889,0.059920926
513,0.0322804857069893,0.04145189624629101,0.06001261
514,0.03234691880889005,0.041484025283530145,0.060050763
515,0.0321004697150917,0.04137067455973333,0.05991466
516,0.03206647524620348,0.04135613105696852,0.059896998
517,0.03216038969557066,0.041401017589358775,0.059950538
518,0.03289847347364807,0.04174542040512108,0.060362894
519,0.032896451979696636,0.04174558118230684,0.060362577
520,0.03299493180106693,0.04179245952674895,0.060418263
521,0.033858682508962436,0.04219518106398239,0.06090057
522,0.03386264239091096,0.042198011646433116,0.06090298
523,0.03414336779078992,0.04232951909339836,0.061060145
524,0.034380502011841105,0.04244071721839517,0.061192855
525,0.03576572533891217,0.04308573932340275,0.061967175
526,0.036050029281709486,0.04321867653091864,0.06212569
527,0.03644549213605616,0.04340326843200139,0.06234633
528,0.03711495456947665,0.04371523012151687,0.06272043
529,0.03810771645725649,0.04417744545123533,0.063275754
530,0.03832980638750855,0.04428118927966586,0.06339851
531,0.03834913147989807,0.04429064750910809,0.063407496
532,0.03863032401201755,0.044421862143176366,0.06356357
533,0.03871943047399248,0.04446371170775193,0.06361191
534,0.03876537578725761,0.04448547846791031,0.06363604
535,0.03876176079173722,0.04448418207604365,0.06363226
536,0.03921875639150568,0.044697058252711384,0.06388725
537,0.03946354164139743,0.044811215723731875,0.064022794
538,0.039478449571151035,0.04481847324877836,0.06402902
539,0.03950676696604434,0.04483196210282437,0.06404293
540,0.039442712220699415,0.04480247320150047,0.06400495
541,0.03958252073795528,0.04486778036684635,0.06408155
542,0.039706053449678085,0.044925479018091935,0.06414898
543,0.03971073758031287,0.04492786833841502,0.0641495
544,0.03969523235409593,0.044920875958910235,0.06413871
545,0.03966723874793991,0.04490808167317252,0.064120606
546,0.03994333685200235,0.045036685379750266,0.06427355
547,0.0399603981972084,0.0450448105367333,0.06428066
548,0.0400591716009745,0.04509093364699212,0.06433363
549,0.04033172056932802,0.045217856585499185,0.06448425
550,0.040333898180125394,0.04521904113525589,0.06448251
551,0.04038809061620916,0.045244395519067726,0.06451006
552,0.04038321806677499,0.045242270411395426,0.064504355
553,0.04040782079004731,0.045253808802916684,0.06451514
554,0.040383327781532516,0.04524220083489966,0.06449802
555,0.04033589166642404,0.045219920131579244,0.06446795
556,0.04030335075833664,0.045204573894129456,0.064446375
557,0.04026253970327814,0.04518538785795194,0.064420074
558,0.040723355336924436,0.04539944933679014,0.06467625
559,0.04145909804820254,0.0457412930861382,0.06508726
560,0.041438428022706864,0.04573130185541773,0.06507176
561,0.0415735946083416,0.0457937687460507,0.06514415
562,0.041575384605817056,0.045794158969463164,0.06514119
563,0.04157118096596525,0.045791742660708984,0.06513488
564,0.04120459176468862,0.045620870365521565,0.064924344
565,0.04098544713483705,0.045518646894843924,0.064797185
566,0.04098725252866555,0.04551917209015798,0.06479458
567,0.041068502932309535,0.045556638968513606,0.06483674
568,0.04108494790772412,0.045563968884644965,0.0648423
569,0.04126602076205381,0.0456478517305197,0.064940594
570,0.04125756023119069,0.04564357927339809,0.06493196
571,0.04125903055424388,0.045643914303110274,0.06492911
572,0.04121903601856078,0.04562496806447352,0.06490292
573,0.04195060308709008,0.04596479810508796,0.06531164
574,0.04185787240732187,0.045921241356533804,0.06525532
575,0.04233620864260696,0.046143228270386694,0.065521196
576,0.042397660221546535,0.04617133697188013,0.06555162
577,0.042554267096795516,0.04624370900406994,0.06563565
578,0.0425465840283162,0.04623973410289577,0.0656269
579,0.04248469623404225,0.046210562379967894,0.06558761
580,0.04250768153003997,0.04622085445895567,0.06559634
581,0.0425091467174672,0.04622115999534709,0.065593004
582,0.042507899640409984,0.0462202084054637,0.06558807
583,0.04249258325481757,0.04621271606702827,0.06557521
584,0.042843476788858116,0.04637550494128687,0.06576915
585,0.04311074914302645,0.046499365860607635,0.065915674
586,0.04320589274391145,0.04654307983885944,0.065964475
587,0.04324463801911421,0.04656055249466414,0.06598134
588,0.043262063061239565,0.04656804233374619,0.06598608
589,0.04333895998578758,0.046603139957625946,0.06602442
590,0.043337583142455116,0.0466018233683533,0.06601846
591,0.04380735106925901,0.046819599932400736,0.066278845
592,0.04444162791160252,0.04711381790907199,0.066632204
593,0.04437072574927434,0.047080060829961766,0.0665863
594,0.0444116295321505,0.04709829980491377,0.06660363
595,0.04458313192855996,0.04717726186397333,0.066694885
596,0.044566205265407804,0.04716859656806448,0.066679396
597,0.04451638053634559,0.04714462813894256,0.06664528
598,0.04459685635599051,0.04718125418134619,0.06668496
599,0.04469435555797187,0.0472257979523855,0.066734284
600,0.044909369525290614,0.04732497696750783,0.066850126
601,0.04510509547113152,0.04741516185129465,0.066954985
602,0.045233642337020936,0.04747408686419917,0.067021675
603,0.04523423430095761,0.04747349946057932,0.067015804
604,0.04520769489521996,0.047460290777261334,0.06699454
605,0.04520840583575416,0.04745973101289321,0.066988766
606,0.04519500581559244,0.047452637061733006,0.066974975
607,0.044716706430160666,0.04722936201803318,0.06669781
608,0.045140950173076684,0.04742582681710783,0.06693214
609,0.04602725806315603,0.047837106159018476,0.06742829
610,0.04613133484670704,0.04788455219504699,0.067480594
611,0.046613775401402664,0.048107932239907926,0.06774762
612,0.04649375576128545,0.04805118685775384,0.067672566
613,0.04645224342883456,0.0480309646861458,0.06764208
614,0.04642383767788852,0.0480168425253452,0.0676191
615,0.0464448102680177,0.04802568783940695,0.06762419
616,0.04649464269024591,0.04804794955870221,0.06764561
617,0.046482923235698886,0.04804157594487968,0.067632034
618,0.046477312915786835,0.04803805284100636,0.067622006
619,0.04641989905077649,0.048010437819913133,0.06758259
620,0.04644683494651605,0.04802206408460636,0.06759096
621,0.04645002533794625,0.04802264484505125,0.06758582
622,0.046510704814262005,0.04804995585705374,0.06761329
623,0.04654419681238785,0.04806464496406662,0.0676253
624,0.0465536671184066,0.04806816008992288,0.06762369
625,0.04654574634023147,0.04806359628858719,0.0676122
626,0.046605901138747664,0.048090679176157204,0.067639366
627,0.04666843950487472,0.04811888455272383,0.06766788
628,0.046592235971901735,0.04808257517779606,0.0676176
629,0.04659816514288436,0.04808448285527766,0.06761402
630,0.04666051177222822,0.04811261837240326,0.06764248
631,0.0466686399196422,0.04811554645032746,0.06764011
632,0.0467769925431406,0.04816507743840606,0.067694694
633,0.046621946031924016,0.048092105046053,0.06759963
634,0.04657391029417975,0.04806890607885852,0.06756547
635,0.0466666592402062,0.048111179682621144,0.06761116
636,0.04671782860024793,0.04813410859311703,0.06763322
637,0.04670848997027582,0.04812889565893578,0.0676209
638,0.04670616956299347,0.048126946421753754,0.06761247
639,0.0467431905403996,0.04814325936519287,0.06762648
640,0.04674118434274191,0.04814140972289428,0.06761831
641,0.046749556876363306,0.04814438818632761,0.067616016
642,0.04674434817273106,0.04814105580198166,0.067606
643,0.046659962140002426,0.04810090661680998,0.06755106
644,0.04675490600676575,0.048144154946972516,0.06759803
645,0.04696213561559116,0.04823954657422746,0.0677086
646,0.047126833516945264,0.04831502751997267,0.06779492
647,0.0471403723254774,0.04832019704475598,0.06779522
648,0.0470732578088622,0.048287864288360516,0.0677497
649,0.0470684959935725,0.04828453210317205,0.067739636
650,0.04709617733597075,0.048296287383720146,0.06774795
651,0.047193542851568536,0.04834034976995581,0.06779578
652,0.04719983055113201,0.04834203651974403,0.06779179
653,0.047173839382701484,0.048328711975330556,0.06776948
654,0.047162208274436235,0.04832206607857271,0.06775528
655,0.04713494059694316,0.048308115706611025,0.067732215
656,0.04712512266553349,0.048302290916282235,0.06771912
657,0.04712070871243945,0.04829897423496615,0.06770902
658,0.04711816077578992,0.04829653101235866,0.06769994
659,0.04712596451043647,0.048298900932748405,0.06769687
660,0.047134060085871114,0.04830141067171948,0.06769395
661,0.0471361645685462,0.048301129768645194,0.067687675
662,0.04720377729071618,0.048331308019981645,0.067718536
663,0.047123783478392536,0.04829284182432577,0.06766546
664,0.047095806065502566,0.048278569469366955,0.06764194
665,0.047092353355567086,0.048275704315604594,0.06763244
666,0.047058915740068284,0.04825889295661723,0.06760582
667,0.04692602086125866,0.04819583950273311,0.06752266
668,0.04679121380945527,0.04813189531752942,0.06743854
669,0.04689260544398961,0.048177786365280216,0.06748864
670,0.046680527611323,0.04807791300789449,0.06736054
671,0.046695037925172544,0.0480834284925691,0.067361295
672,0.04668406859959421,0.04807710310116867,0.067347534
673,0.046788673771116784,0.048124514421305525,0.06739938
674,0.046708754955634695,0.04808611811482411,0.067346364
675,0.04668577091436341,0.04807420592290151,0.0673257
676,0.04667976524177445,0.048070187549268326,0.067314714
677,0.04666421334450055,0.04806171961387582,0.06729829
678,0.0466636845308063,0.0480602435847211,0.067290425
679,0.04658630184801628,0.048023029151549095,0.06723894
680,0.046573860307650636,0.04801602417135698,0.067224324
681,0.046550951263502116,0.04800413798757357,0.067203715
682,0.046561251112970624,0.04800769633498315,0.06720201
683,0.04659239090114976,0.0480209438944696,0.06721215
684,0.04623170509393516,0.04785200666474047,0.06699979
685,0.04660993444321704,0.04802670277333029,0.06720717
686,0.04720298225127411,0.048301217575895304,0.06753652
687,0.04719539285982717,0.04829637917244261,0.06752421
688,0.047180801393085024,0.04828828884944972,0.067507885
689,0.047590025378114735,0.04847727309268277,0.06773251
690,0.04966725093365235,0.04944181838301452,0.06890702
691,0.050001006838227016,0.04959541780306504,0.06908789
692,0.052935405828410144,0.050958250900173536,0.07075532
693,0.05321326080946149,0.05108547285071094,0.07090309
694,0.05369104861007282,0.05130562321793732,0.07116535
695,0.05418279837125761,0.051532258068221086,0.07143557
696,0.05438133844223272,0.05162247736097526,0.07153745
697,0.054408411983137735,0.05163294758314383,0.07154085
698,0.05461624037858623,0.05172746510196966,0.07164796
699,0.05507963067218493,0.05194079548440426,0.071901724
700,0.05508335327477831,0.05194033260709436,0.071891375
701,0.05505850789774582,0.051926580161922434,0.071864575
702,0.055096015865179065,0.051941837382994134,0.071873665
703,0.05509375264317401,0.05193857805510024,0.071859814
704,0.05531354057966573,0.05203858317178234,0.07197353
705,0.05534177248756229,0.052049487940373874,0.071977094
706,0.05531971548363421,0.05203700296794945,0.07195177
707,0.05532084582383296,0.05203532637439198,0.07193978
708,0.05548816863417773,0.05211088438451013,0.07202321
709,0.055502378893661414,0.052115284737452694,0.07201865
710,0.055495327507728696,0.05210979436752861,0.07200188
711,0.055507043601506,0.05211303843295679,0.071995914
712,0.055604711187943634,0.052156258772420125,0.07203929
713,0.055646580750383465,0.05217352221961481,0.072050616
714,0.05570883202735753,0.052200294359431146,0.07207364
715,0.0557385218454866,0.05221192149063405,0.07207784
716,0.05574854334637282,0.05221437985688348,0.07207073
717,0.05574300049006775,0.05220960608186251,0.07205466
718,0.05577321107524594,0.052221465544006834,0.07205906
719,0.055803951489825566,0.05223356878032895,0.07206375
720,0.0558098802318102,0.05223413689203036,0.07205419
721,0.055824762528801634,0.05223886969271969,0.07204993
722,0.05593492769014652,0.05228789198197436,0.07210037
723,0.055924577633825495,0.05228086462784887,0.07208143
724,0.05591924311315506,0.05227614576185359,0.07206534
725,0.05591916775459791,0.05227373514037766,0.07205215
726,0.05611635539015656,0.05236306309850264,0.07215248
727,0.05612701793057853,0.05236562405381215,0.072145365
728,0.05612551542304146,0.05236253065148241,0.07213124
729,0.05613073475177766,0.05236254079815284,0.07212096
730,0.05612585334546389,0.05235785297039932,0.07210483
731,0.05612211639409077,0.0523536964335888,0.07208936
732,0.05623043298605876,0.05240164582966819,0.07213838
733,0.0561802609071627,0.05237591483843966,0.07209607
734,0.056175887062741285,0.052371451117849376,0.072080046
735,0.0562117324992353,0.05238568407352644,0.07208718
736,0.056217178502473694,0.05238577218396302,0.072076775
737,0.056221878426468634,0.05238548583736556,0.07206589
738,0.05631582849483952,0.05242667817640238,0.07210636
739,0.05640677002452945,0.05246643911329161,0.072145045
740,0.05641174542335455,0.052466222989903145,0.072134286
741,0.05640328234507056,0.05245974681795272,0.07211574
742,0.05638231490559551,0.052447461105844695,0.072090074
743,0.05647374417446269,0.05248743301554858,0.07212904
744,0.056590911795223436,0.05253935554254459,0.07218275
745,0.056588919221799726,0.05253584580016103,0.072167814
746,0.056593022772921026,0.05253512139414402,0.07215634
747,0.0565766392243479,0.05252483864221411,0.07213304
748,0.056558599173321865,0.05251375576784715,0.07210873
749,0.05655754890228772,0.052510573486404984,0.07209422
750,0.056582971263282864,0.05251969665552674,0.07209505
751,0.05660772886717098,0.05252849613559343,0.07209572
752,0.056650528830984336,0.05254566483770251,0.07210676
753,0.05665259280826141,0.05254388908528597,0.07209429
754,0.056664057468710026,0.05254648184862005,0.07208724
755,0.05667408418545295,0.05254840617050049,0.07207939
756,0.05667335507719756,0.05254531052476041,0.07206536
757,0.05670538752450914,0.05255745177257461,0.072070144
758,0.056748676175228774,0.052574828072919806,0.0720814
759,0.05681089517272171,0.05260098959720433,0.0721035
760,0.05681137692431271,0.05259843457110154,0.07209003
761,0.056836835657227976,0.052607500270474825,0.072090924
762,0.05684496528244363,0.05260850890469584,0.07208179
763,0.0568626438477506,0.052613952290329155,0.07207817
764,0.05683657131029806,0.0525990394255781,0.0720494
765,0.0567976554440877,0.05257816028830187,0.07201326
766,0.056766594217914385,0.052560949112360165,0.07198167
767,0.05676119212466488,0.05255567104926433,0.071964905
768,0.05676460022802163,0.052554498750716314,0.0719532
769,0.056773376494606335,0.0525558138480322,0.071944565
770,0.056601346173426666,0.05247305458312689,0.07183184
771,0.05663627157833054,0.052486518196150043,0.071838364
772,0.056630374695545424,0.052480996228000634,0.07182139
773,0.05650596445388342,0.052420367429756067,0.07173617
774,0.056541302482969125,0.052434043381268086,0.07174297
775,0.05651403998815305,0.05241861377840582,0.07171377
776,0.057063908001337524,0.05267152836118397,0.072016984
777,0.05706067999343601,0.052667194996353806,0.072001226
778,0.057098069963563175,0.05268175721405858,0.07200891
779,0.057200587658191124,0.052726599536785684,0.0720541
780,0.057275073061833624,0.052758393629393205,0.07208306
781,0.057217390927875485,0.05272872269590354,0.07203586
782,0.05719245240559066,0.052714276817397085,0.07200751
783,0.05698314693977623,0.05261410979117542,0.07187294
784,0.05712852158475381,0.05267888513630413,0.07194285
785,0.05708172582903459,0.05265428520234102,0.0719019
786,0.05710460389467235,0.052662108509383965,0.071900934
787,0.057191949174862464,0.05269990993616819,0.07193709
788,0.05701927428367616,0.05261678676373921,0.071823284
789,0.056717718191487125,0.05247374395463141,0.071635306
790,0.056829971753965036,0.052523176634863195,0.071685776
791,0.0567576785882277,0.052486780123827854,0.0716298
792,0.05680071702049791,0.0525039670285452,0.07164036
793,0.05672152675569485,0.05246431841343063,0.071579985
794,0.05663465603390904,0.0524211076912081,0.07151522
795,0.05663658358051533,0.05241920259404423,0.07150151
796,0.056584537465142574,0.052392213522044276,0.07145652
797,0.05663395210631043,0.052412438861274946,0.07147005
798,0.056621538206100074,0.05240392212903003,0.0714477
799,0.05661587410711207,0.05239854198302454,0.07142928
800,0.056662108535413064,0.05241728922649231,0.07144082
801,0.05662283390859231,0.052396275700184,0.07140283
802,0.05641653612688305,0.05229760956652985,0.07126867
803,0.0564168010793948,0.052295007583574686,0.0712536
804,0.0564548818486402,0.052309987971210156,0.07126036
805,0.05637006447289208,0.05226782226527972,0.07119617
806,0.05595155026124159,0.05207052594149377,0.070939854
807,0.05596873148659042,0.0520758672426903,0.07093473
808,0.05589345616052984,0.05203821427186577,0.0708763
809,0.05556118611443171,0.051881083269911,0.07067005
810,0.055563315427734086,0.051879477616252244,0.07065644
811,0.055541752102109716,0.05186687580389427,0.07062876
812,0.055399577035265817,0.05179818562000465,0.07053167
813,0.05454776875578481,0.051399538410995024,0.07002669
814,0.0543653568747569,0.05131226733613825,0.06990713
815,0.05421165984812487,0.05123837557974136,0.0698041
816,0.053768771777604814,0.05103001192105115,0.06953512
817,0.0529977528253503,0.05066912268749674,0.06907825
818,0.05283651440053883,0.050591857012560436,0.06897199
819,0.05290201054362621,0.0506199979886039,0.068995856
820,0.05268428904538736,0.0505164478426831,0.06885712
821,0.052616725882730433,0.050482746927125045,0.06880437
822,0.0527454027833761,0.05054032855524104,0.0688642
823,0.052762282684790995,0.05054591945800249,0.0688599
824,0.05245365024779504,0.05040014812472684,0.068669
825,0.052278484893505235,0.05031646969511467,0.068554774
826,0.05227667496093987,0.050313393793499174,0.06854004
827,0.0522592777760336,0.05030306891665667,0.068516135
828,0.05226463402765106,0.05030332031991319,0.06850533
829,0.052221297991894594,0.050280924187057305,0.06846657
830,0.05212081378357337,0.05023197072113926,0.06839496
831,0.05225689224562791,0.050293024311564634,0.06845904
832,0.05224309223959382,0.05028435857336862,0.068437085
833,0.0522418726188908,0.050281543075159786,0.06842242
834,0.052025937328608114,0.05017892810795042,0.06828459
835,0.05201704320616222,0.050172605446464055,0.068265595
836,0.05191325890174767,0.050122158546403395,0.068192154
837,0.05168032342863576,0.05001167099534967,0.06804485
838,0.051682535209723865,0.05001053623536401,0.06803237
839,0.051638250542885136,0.04998778546256888,0.06799315
840,0.05168503209297793,0.05000739672029745,0.068006136
841,0.05164427150550674,0.0499862888359239,0.067968965
842,0.051655551891229855,0.04998939358169943,0.067961596
843,0.051678079310449335,0.04999772776878235,0.06796068
844,0.05169327181888532,0.05000264801784456,0.06795548
845,0.05169382639360705,0.05000077211199059,0.067941844
846,0.05134131717675736,0.04983474614618653,0.06772594
847,0.05082649218285448,0.04959328739321092,0.06741747
848,0.05083759763496029,0.04959643319012804,0.06741026
849,0.050727541914994685,0.04954324422519104,0.06733363
850,0.05072792068753227,0.049541423131399594,0.0673203
851,0.05071633538180722,0.04953405045699669,0.06730011
852,0.050716847608588536,0.04953224575195767,0.06728682
853,0.05071897236659397,0.04953114162456003,0.06727438
854,0.050717779852797115,0.04952849847285451,0.06725997
855,0.05073414167753912,0.04953401500331179,0.06725559
856,0.050725008780646216,0.049527677664222544,0.06723658
857,0.05056922755665802,0.049453144986446325,0.06713364
858,0.050595366261383605,0.04946322119495805,0.0671349
859,0.05070751521991338,0.04951330865774127,0.06718516
860,0.050738645198612965,0.049525715045824294,0.06718894
861,0.050111867795726205,0.04923219291733066,0.066816375
862,0.050142390482607706,0.04924438061945287,0.06682022
863,0.049738169564592746,0.04905441300035332,0.0665755
864,0.04969720889880983,0.049033376744363956,0.06653876
865,0.04956778561861172,0.048971196761240676,0.066451505
866,0.04960015295298082,0.0489841890442863,0.06645666
867,0.04955928256516613,0.04896311150189675,0.06641993
868,0.049572490103387865,0.04896719213796529,0.06641396
869,0.04962132558424981,0.048987822698338734,0.06642826
870,0.0496206618135968,0.04898541634592835,0.06641428
871,0.049619143355373777,0.04898261529638143,0.06639984
872,0.04931466582894629,0.04883894070892848,0.066212274
873,0.04907118014110888,0.04872366415376412,0.0660598
874,0.048943477333384514,0.04866225438400579,0.06597364
875,0.04899467627037744,0.04868405189679478,0.0659897
876,0.0489850794904076,0.04867757589198904,0.06597105
877,0.048918192626737377,0.048644451633550786,0.06591964
878,0.0488807087583116,0.04862500489263115,0.06588504
879,0.048372200691781296,0.048386518238487684,0.065581545
880,0.04784968571850005,0.04814155522902994,0.06527054
881,0.04777879881376024,0.04810665639262936,0.065217495
882,0.047658203862617175,0.04804865583309744,0.065136135
883,0.047524736073299295,0.04798468393175138,0.06504753
884,0.047639611889770825,0.04803620311577208,0.06510061
885,0.04786490276743783,0.04813905540314967,0.06521653
886,0.0478118033600412,0.04811243404519273,0.06517351
887,0.0477378969514653,0.04807613143764204,0.065118626
888,0.0475345074854734,0.04797962482522467,0.064989924
889,0.047361854066690565,0.047897445851941375,0.06487891
890,0.04722689745395677,0.047832827835998716,0.064789444
891,0.04716412649550903,0.04780179080704381,0.06474128
892,0.047173589366939335,0.047804365456848984,0.06473449
893,0.047180270391591735,0.04780564821531144,0.064726114
894,0.04719397560780995,0.04781016185314559,0.06472172
895,0.04719491145894082,0.047808708148112576,0.06471008
896,0.0467508934558064,0.04760032174559311,0.06444509
897,0.045860184710406135,0.04718426650401211,0.063926294
898,0.045737206916642,0.04712529214660872,0.063845366
899,0.0452005220503244,0.04687395042332699,0.06352915
900,0.04524401879090472,0.046892352644935534,0.063543126
901,0.04523756210216487,0.046887523476581684,0.06352868
902,0.04529967787942273,0.046914576617726335,0.063553326
903,0.04527947531783715,0.04690333516281407,0.06353122
904,0.04526365242405607,0.046894149808919344,0.06351167
905,0.04526791026629688,0.046894293335604686,0.06350376
906,0.04530124943753429,0.04690794835002915,0.06351225
907,0.045343450309358435,0.04692570980416322,0.06352599
908,0.04530751876973255,0.04690688075870337,0.06349948
909,0.04537614924633462,0.04693657687906746,0.063534364
910,0.045325784417608234,0.046910850976864475,0.0635031
911,0.045291147442502185,0.046892414785262515,0.06348081
912,0.04528274764839232,0.046886179935936786,0.06347354
913,0.04528033259240485,0.04688270443430018,0.06347008
914,0.04522348854102685,0.04685404351286437,0.06343576
915,0.04517636482413597,0.04682987123717409,0.06340705
916,0.04525368057538515,0.04686354858838567,0.06344926
917,0.0453532500540529,0.04690752278088573,0.06350456
918,0.045279634409612184,0.04687096096351147,0.06346136
919,0.04528308267809676,0.046870230298492174,0.06346206
920,0.04521571569136322,0.046836573731515785,0.063422605
921,0.045267491787290434,0.04685832310899557,0.06345093
922,0.04528403179541557,0.04686365360433489,0.06345967
923,0.045188958508960916,0.0468170799233706,0.063404895
924,0.0452123773318175,0.04682560899281961,0.06341773
925,0.045208112200882285,0.04682126858234396,0.06341485
926,0.0451988628787462,0.0468146010126899,0.063409306
927,0.045200584838971436,0.04681303241834518,0.06341004
928,0.04520362423621479,0.046812072943763876,0.063411646
929,0.04502020461389244,0.046724403870516344,0.06330733
930,0.0450212589012373,0.04672252967914102,0.06330797
931,0.04498701161354468,0.04670423805623781,0.063288584
932,0.04491050898870323,0.046666276651553866,0.063245565
933,0.044701870932805136,0.04656688103950213,0.06312761
934,0.044440262177172486,0.04644283520625361,0.06297968
935,0.04442368658859658,0.04643275085796665,0.06297117
936,0.04442638530578906,0.046431629960547054,0.0629736
937,0.04463219590578712,0.04652495109890983,0.06309145
938,0.04485429407653328,0.046625851532829304,0.06321855
939,0.044752517837308235,0.04657611618642822,0.06316143
940,0.04473043726904155,0.046563450974796826,0.06314972
941,0.044859510285984526,0.04662106831295547,0.063224
942,0.04488454973142487,0.04663029990314179,0.063239105
943,0.044884929214237666,0.046628059170598556,0.06324013
944,0.0448937945728174,0.046629747414953626,0.06324607
945,0.04490321914397565,0.04663170251128009,0.063252315
946,0.044933912753455936,0.04664353070297832,0.06327066
947,0.04494935533270522,0.046648263664239326,0.06328025
948,0.04494022741472485,0.046641573112414104,0.06327583
949,0.04500790349184178,0.046670719867692424,0.06331527
950,0.04516057905041438,0.04673937759523284,0.06340301
951,0.04528180415864284,0.04679337949205781,0.06347278
952,0.04528687996210917,0.04679338013510038,0.0634765
953,0.04526058334548397,0.04677881627832808,0.06346238
954,0.04522896896356148,0.0467617840532006,0.063445255
955,0.045197835433607086,0.04674497779797567,0.06342837
956,0.04519205552015297,0.0467399589018245,0.06342598
957,0.04509178031357797,0.04669099763544991,0.063369885
958,0.04509865046259176,0.04669186368778748,0.063374765
959,0.04507934563284165,0.04668055566334584,0.06336483
960,0.045077078783663516,0.04667716473265494,0.063364595
961,0.04498732378921018,0.04663308771752405,0.0633146
962,0.045816111503363455,0.04701612630834946,0.06378704
963,0.04587615608730563,0.047041621926909034,0.063821934
964,0.045894795857101885,0.0470478575174119,0.06383322
965,0.04610124561816429,0.04714142428769393,0.06395143
966,0.04616319930092529,0.047167777371195554,0.0639873
967,0.04639849962800986,0.04727474347913265,0.06412183
968,0.046421131092400966,0.04728279996054044,0.06413517
969,0.04665054341993054,0.047387006716061476,0.06426625
970,0.04662959378129938,0.04737477119836335,0.06425461
971,0.04659849007837828,0.04735781502853166,0.06423723
972,0.04661668292551556,0.04736377171150939,0.064247936
973,0.046233114813039065,0.04718289235667854,0.06402984
974,0.045602243109340815,0.04688706765612158,0.0636715
975,0.04560878432481835,0.04688770444228826,0.06367619
976,0.04561687444401842,0.046889058657749255,0.06368175
977,0.04477126566532567,0.046493465871601074,0.063202046
978,0.04245200118619142,0.045412737334906,0.061887685
979,0.04202314104068783,0.045211300003817186,0.06164762
980,0.0382693952404554,0.043463874556506514,0.059530694
981,0.037778202633434455,0.04323394316403268,0.05925934
982,0.03717793039636722,0.042953356392127544,0.05892707
983,0.0364264287449832,0.04260246020678135,0.05851037
984,0.03613782002259412,0.04246689237315323,0.058354575
985,0.03613380149033857,0.042463684597030225,0.058358777
986,0.035796843898823906,0.04230567098987808,0.058176022
987,0.03501952474781927,0.041942928660814255,0.057746544
988,0.035050774428959944,0.04195624825593242,0.057771284
989,0.0350464601414278,0.04195302808328177,0.05777609
990,0.03498651652314448,0.04192392608833337,0.057749655
991,0.03496507011106525,0.041912748293418636,0.0577449
992,0.03439423141831936,0.04164609218953579,0.05743212
993,0.03443512857899588,0.04166396158631311,0.057462648
994,0.03454254216408362,0.04171275651253927,0.05753046
995,0.03453257103398018,0.04170694290960214,0.057532378
996,0.034258371313166405,0.04157827592799305,0.057386238
997,0.034226549296177675,0.04156227807130561,0.057376094
998,0.034359739452407057,0.041623100378036286,0.05745847
999,0.03439932152941374,0.04164036948102902,0.057488345
1000,0.03420680838142747,0.041549680333248046,0.05738812
1001,0.034022482327478565,0.04146282089106116,0.057292614
1002,0.033920063209574754,0.041414023447769434,0.05724305
1003,0.03384067494329122,0.04137593199634671,0.05720646
1004,0.033820098585539554,0.04136519953923126,0.057202842
1005,0.03382188520734962,0.041364909612106406,0.05721183
1006,0.03370232892210398,0.04130823622594141,0.057152957
1007,0.03365010222131425,0.041282899753020394,0.057131823
1008,0.033658111156540306,0.04128556267895464,0.05714438
1009,0.03363060067156964,0.04127169658297569,0.057137057
1010,0.03378808733111329,0.04134385614618743,0.057233322
1011,0.033913699312965485,0.041401175139862016,0.057311617
1012,0.03394697639616267,0.04141554456899792,0.05733816
1013,0.033975934543079074,0.04142790232842214,0.05736227
1014,0.03364345827221437,0.04127212222561679,0.05718395
1015,0.033623950850639066,0.04126189703882014,0.05718099
1016,0.033622564886450636,0.041260097834737414,0.057188205
1017,0.03386335965995714,0.04137090507233229,0.057330992
1018,0.033863759681364874,0.041369904344083025,0.057339076
1019,0.03393184215389622,0.0414003768955844,0.057385094
1020,0.03382615273383372,0.04135005609490554,0.05733382
1021,0.03393989172164658,0.041401745293416614,0.057405386
1022,0.034301851532861465,0.04156883638100247,0.05761592
1023,0.034247291273511414,0.041542212047747384,0.057592925
1024,0.03426623100503565,0.04154976674342112,0.057611126
1025,0.03475632671965378,0.04177640345955816,0.05789332
1026,0.034555900495577704,0.04168189671791182,0.057788286
1027,0.034406262880171866,0.04161103440914602,0.0577118
1028,0.03441737397767447,0.0416149087466452,0.057725444
1029,0.0344256573712127,0.041617452048629114,0.05773748
1030,0.03445465195971625,0.0416296092988213,0.057761114
1031,0.03432740626656418,0.04156911971305069,0.057697155
1032,0.03418670773816946,0.041502412995488014,0.057625797
1033,0.03473846079551166,0.04175771555668709,0.057942417
1034,0.034738466181418445,0.04175641555052244,0.057949666
1035,0.034797620249797344,0.0417826149217181,0.057990007
1036,0.03483516801540228,0.041798770419116636,0.05801824
1037,0.03484160827963278,0.04180045720068233,0.058029
1038,0.034829637238684444,0.0417935852080092,0.05802937
1039,0.034794023243659815,0.041775748363874994,0.058016393
1040,0.034814261317940916,0.041783861081463806,0.058034644
1041,0.034810961856344885,0.04178102645775103,0.058039773
1042,0.03480626375920522,0.04177754331179683,0.058044117
1043,0.034779094992493945,0.041763610632994955,0.058035955
1044,0.03477822502186962,0.04176191757409771,0.0580425
1045,0.0347225654133196,0.04173474700936161,0.05801837
1046,0.034687156627373775,0.0417170391954205,0.058005694
1047,0.0345855611559024,0.04166859164635367,0.05795596
1048,0.0345963969276788,0.041672444413494894,0.05796923
1049,0.034543845476246185,0.04164681639446934,0.05794702
1050,0.03453081839001392,0.04163956684967023,0.057947006
1051,0.03449716760042016,0.041622726114826036,0.05793548
1052,0.034519258263262464,0.041631857173833255,0.057955187
1053,0.03455418951212294,0.04164713754313574,0.057982195
1054,0.03456100904995822,0.04164935207350148,0.057993513
1055,0.034639351194278335,0.041684942728147385,0.058045
1056,0.03464237938888473,0.041685493164891785,0.05805422
1057,0.034624813100642984,0.04167647058980194,0.058051992
1058,0.03464277265741551,0.041683968350491825,0.058069695
1059,0.03459345122606816,0.04166015004601165,0.05804969
1060,0.0345942894774242,0.04165967705507536,0.05805784
1061,0.03458047856132105,0.041652440201981174,0.058057785
1062,0.03452841051899967,0.041627411117630825,0.05803635
1063,0.034643768321066484,0.04168023218128455,0.058108743
1064,0.03384845715814781,0.041309587549415494,0.05767108
1065,0.034025914423640904,0.04139139693655922,0.05777866
1066,0.03393317998353286,0.04134756355487021,0.05773499
1067,0.033676949168697366,0.04122771531599102,0.05759988
1068,0.03359193836246573,0.04118751487275657,0.0575608
1069,0.03361263170651616,0.04119647442818495,0.05758091
1070,0.033513005036073976,0.0411495195320712,0.057533756
1071,0.03351948108207363,0.04115192716134303,0.05754607
1072,0.03321609404043728,0.0410102575315113,0.0573851
1073,0.033201691417096585,0.04100301177470085,0.05738591
1074,0.03302546348181142,0.040920514083256865,0.05729628
1075,0.032864645516397915,0.04084521168448448,0.057215385
1076,0.032807531522701584,0.040818149402858085,0.057192594
1077,0.03278034512810408,0.04080501937152379,0.0571865
1078,0.032527158994289984,0.04068679634671905,0.05705421
1079,0.032500245673814585,0.040673818081386606,0.057048433
1080,0.03244015984806558,0.040645435743243995,0.05702413
1081,0.032456303459926776,0.04065250236047454,0.057042442
1082,0.03244373653938073,0.04064622201533879,0.057044722
1083,0.03245108995674723,0.04064920570413736,0.057058133
1084,0.03246532952941307,0.04065541098958298,0.05707539
1085,0.03242978448646907,0.040638434417000005,0.057064775
1086,0.03244541884850281,0.04064524247960539,0.057082802
1087,0.032456220736752715,0.04064980377251995,0.057098098
1088,0.032382460673912865,0.040615044479693295,0.057066135
1089,0.03233978071576602,0.04059474358398244,0.05705155
1090,0.03233924964919048,0.040594042302520734,0.057060488
1091,0.03234200517327461,0.040594859661816717,0.05707139
1092,0.032294023489997915,0.04057208884164452,0.05705396
1093,0.03228112948383448,0.04056563700795275,0.057056118
1094,0.03226590673759356,0.04055808276845103,0.057056982
1095,0.03326422890062878,0.04102182559229418,0.057624042
1096,0.03352817452805665,0.04114400252224607,0.057780437
1097,0.03321617021467852,0.040998338915840336,0.05761463
1098,0.03336540566440992,0.041067178761174675,0.057706866
1099,0.03334505456478839,0.04105714200582365,0.057704236
1100,0.03334354493607556,0.041055889022104934,0.057712235
1101,0.033300313949898776,0.04103534956101086,0.057697035
1102,0.03330662363719339,0.04103780690514867,0.057710364
1103,0.03318430040345252,0.04098044526473919,0.057651892
1104,0.033149603629460074,0.04096406935673614,0.0576427
1105,0.0331914059088136,0.04098327683545526,0.05767637
1106,0.03326431512513961,0.04101700196170795,0.057727426
1107,0.03314721597820443,0.040962479709480325,0.057672232
1108,0.03315893760559019,0.04096787995425471,0.057689156
1109,0.033284258062948435,0.041026196375391476,0.057769835
1110,0.03307523674111894,0.040929193201310235,0.057663746
1111,0.033129804577601195,0.04095484196308057,0.0577051
1112,0.03308383064411405,0.04093378062975785,0.057690427
1113,0.033119017795527166,0.04095045881676542,0.057721175
1114,0.033157087764393516,0.04096848285736648,0.05775354
1115,0.033152061217666,0.04096646299837155,0.057761736
1116,0.033427938484487045,0.041095141459359975,0.057927094
1117,0.03338806412783433,0.04107696613146263,0.057915833
1118,0.03338022964946726,0.041073685429542754,0.057922527
1119,0.03336888158181503,0.041068772148103685,0.05792721
1120,0.033359578095591785,0.04106482762581103,0.057933126
1121,0.033360072982580105,0.04106548000433033,0.057944518
1122,0.033358548151614105,0.04106516436719381,0.057954762
1123,0.03337214086245646,0.04107184947543345,0.057973895
1124,0.03337215397905645,0.04107222421325252,0.05798566
1125,0.03337429567391125,0.041073588944580366,0.057998553
1126,0.033393307110337715,0.04108279349660976,0.058020923
1127,0.033415595454505745,0.04109351682589494,0.058045093
1128,0.033344704805965214,0.041060901273894654,0.05801721
1129,0.03338851752900315,0.041081646547239774,0.058053587
1130,0.03339580278882387,0.04108539455472221,0.058069557
1131,0.03336139397412696,0.04106977820281476,0.05806224
1132,0.033345899093165814,0.041062993402980065,0.05806555
1133,0.03336223186855728,0.04107100063742853,0.058086738
1134,0.03334815343580575,0.0410649448610156,0.058091003
1135,0.03331912613214222,0.04105193974715974,0.058086894
1136,0.03330211923073338,0.041044535662085116,0.058089543
1137,0.03338174805049576,0.041082190807303486,0.0581463
1138,0.03344087466619585,0.04111033151870773,0.05819158
1139,0.03343337990983144,0.041107473400199296,0.0581997
1140,0.03342413048390947,0.041103798368417474,0.058206916
1141,0.033365463827544184,0.04107712158201836,0.058186904
1142,0.033372383345044006,0.04108096993680706,0.058203623
1143,0.0332540115068592,0.04102656586669558,0.05815035
1144,0.033253269922352724,0.04102686391687113,0.058163043
1145,0.033267302373233734,0.041034029648293405,0.05818398
1146,0.03322997104488312,0.04101731612103682,0.05817633
1147,0.03307061586187942,0.040943864399932875,0.05810066
1148,0.0330331926442292,0.040927129454443344,0.058093224
1149,0.033034342261941164,0.04092834826384235,0.058107316
1150,0.032979227038992434,0.04090342842326065,0.05809004
1151,0.03303081251786493,0.04092814128430864,0.058132425
1152,0.03301146138676723,0.0409198668363619,0.058135163
1153,0.033013107883635734,0.04092136290490511,0.05814966
1154,0.032988479314292884,0.04091064649084579,0.05814951
1155,0.03303157334358468,0.04093143071935573,0.05818715
1156,0.03295756940546705,0.040897759831792786,0.05815942
1157,0.032879486773696585,0.040862188920576734,0.058129515
1158,0.03293398612901955,0.0408882774109079,0.058173746
1159,0.03292816581619304,0.04088630874060676,0.058184247
1160,0.03292898518551148,0.0408874301439558,0.05819846
1161,0.03292369329948205,0.04088571329245758,0.05820921
1162,0.032949214142431266,0.040898324396065805,0.05823725
1163,0.03280307626022444,0.040831147987839614,0.05816941
1164,0.03279338340794119,0.04082743265012127,0.058177892
1165,0.032806706350246365,0.040834429007853695,0.05819921
1166,0.032847192168751684,0.040854054913838145,0.058235716
1167,0.032849452459900966,0.040855901956102385,0.058250867
1168,0.03277488866558575,0.040822019242952486,0.058223233
1169,0.03278492477412253,0.040827486978145394,0.058242828
1170,0.03280598505656173,0.04083808004319272,0.05826854
1171,0.03284686027691815,0.040857889266657635,0.058305338
1172,0.03277527046317446,0.04082538076759338,0.05827941
1173,0.03244812815017252,0.0406740512694714,0.058110878
1174,0.032508797177517645,0.040703095885207964,0.05815897
1175,0.0324303794632886,0.040667463554928375,0.05812942
1176,0.03253515669172813,0.04071702444316101,0.058202125
1177,0.03251794969166268,0.04070984953101026,0.058206707
1178,0.03250960312943877,0.040706809902589375,0.05821626
1179,0.0325378621511683,0.040720792487377214,0.058246203
1180,0.032457471390842686,0.040684235400885775,0.058215577
1181,0.03244721712165563,0.040680297391419325,0.058224045
1182,0.03261960229677832,0.04076128715938385,0.058334406
1183,0.03265272893327975,0.04077750213458628,0.058367014
1184,0.03269479814551912,0.040797877834508486,0.05840445
1185,0.03273891988756876,0.04081920351205109,0.05844299
1186,0.03282622305431848,0.04086060775569977,0.058505572
1187,0.03277440720398162,0.04083730982062088,0.058490478
1188,0.033047598148724044,0.04096513453740753,0.058656808
1189,0.033076405974285794,0.040979284276587424,0.058686525
1190,0.033115292345676985,0.040998132549624325,0.05872185
1191,0.033224110879278186,0.041049500725563286,0.058796223
1192,0.033176348800440764,0.04102803368315781,0.058783077
1193,0.033441875821044284,0.0411522542500217,0.05894476
1194,0.03335585316864687,0.041113032770636396,0.058910146
1195,0.03356604930833529,0.04121156524018978,0.059040938
1196,0.03404875523903489,0.04143692293012549,0.059321456
1197,0.034136385665082265,0.04147859187489236,0.05937964
1198,0.03410787045986099,0.041466315503953806,0.059371557
1199,0.03466884859188653,0.04172815296275886,0.059692953
1200,0.035430843198577124,0.04208339827809372,0.060126733
1201,0.03582075742449675,0.04226556546011325,0.06035164
1202,0.035821174756835814,0.04226648765593154,0.060358144
1203,0.035830297626931976,0.04227145845852121,0.060369436
1204,0.035843268964975014,0.04227822692659086,0.060382724
1205,0.03572588446397427,0.042224404344765584,0.06032251
1206,0.03601609432844105,0.04236012270622236,0.060490593
1207,0.03606099831458517,0.04238173928884108,0.060521122
1208,0.03602651874808145,0.04236643914171055,0.06050701
1209,0.035819616625995934,0.04227097496365979,0.0603964
1210,0.03597888089919258,0.042345832143219166,0.060490504
1211,0.03666882458551999,0.04266743351451351,0.060881972
1212,0.03689109283757111,0.042771493860717165,0.06101092
1213,0.03725302292385064,0.042940467391000464,0.06121809
1214,0.03739663085366682,0.04300789267063751,0.061302435
1215,0.03738818537035312,0.043004611611890835,0.061301224
1216,0.03869289507921395,0.04361194171634442,0.062037516
1217,0.03882011522486132,0.0436716086603598,0.06211158
1218,0.039322162850807335,0.04390554952984275,0.06239646
1219,0.03948255269780045,0.04398056774877574,0.062489
1220,0.05448034005909695,0.05095484218581297,0.071014024
1221,0.055005197214895656,0.05119759578987345,0.071308285
1222,0.055098532326141335,0.05123963737410563,0.07135456
1223,0.05519893919495674,0.051284957050597324,0.07140477
1224,0.06628664114740619,0.05643925280358043,0.07781057
1225,0.07487054713152615,0.060428010379281964,0.08282302
1226,0.07483990787686111,0.06041006256687569,0.08278631
1227,0.07618893571752078,0.061033657003466996,0.08356242
1228,0.07620082613434047,0.061035336970916856,0.08354996
1229,0.0762950850020781,0.06107532692279948,0.08358607
1230,0.0772449965980103,0.061513178820976545,0.08412698
1231,0.07734729089146605,0.06155678675048784,0.08416724
1232,0.07818797551241433,0.06194373054197984,0.08464362
1233,0.07818120066189266,0.06193650980058031,0.08461888
1234,0.0781874208682787,0.06193532433148141,0.084601805
1235,0.07852497352196562,0.06208820430885456,0.084780544
1236,0.07864248668183171,0.0621387165629461,0.08482908
1237,0.08184120523221608,0.0636218600100563,0.08670354
1238,0.08174447471429144,0.06357228653250513,0.08662315
1239,0.0818558913560407,0.06361951092666213,0.086666316
1240,0.08200776320957498,0.06368552096446428,0.08673352
1241,0.08200661141803414,0.06368034730724803,0.08670978
1242,0.08200654011456315,0.06367567572276102,0.08668661
1243,0.08200808782398948,0.06367175640153738,0.08666445
1244,0.08201062443797054,0.06366830368117489,0.08664285
1245,0.08208562875493855,0.0636986262187304,0.08666432
1246,0.08221949572496995,0.06375631001327067,0.08672069
1247,0.08251561858966848,0.06388942499860964,0.08687341
1248,0.08255121665740346,0.06390136829388432,0.08687113
1249,0.08259727419853075,0.06391817232950639,0.08687502
1250,0.08223727212390974,0.06374615648919614,0.08663757
1251,0.08243338525586713,0.06383277928814626,0.08673073
1252,0.0824868187209922,0.06385303571667952,0.08673903
1253,0.08239954898404928,0.06380785845465489,0.086663604
1254,0.0825420095636647,0.06386950870020816,0.08672479
1255,0.0824098318869286,0.06380342963853905,0.086622655
1256,0.08240396402474254,0.06379609216264427,0.08659567
1257,0.08268792144323961,0.0639235200702604,0.08674094
1258,0.08285881626341325,0.06399834184435596,0.08681889
1259,0.08287766461359733,0.06400244461140701,0.0868063
1260,0.08286801294754499,0.06399329102084617,0.08677675
1261,0.08291451238403409,0.0640102488976863,0.08678067
1262,0.0829290197629475,0.06401232628676709,0.08676538
1263,0.08297178576314802,0.06402753878523694,0.08676693
1264,0.08296730273713111,0.06402077617910165,0.086740375
1265,0.08299496528462681,0.0640289458358061,0.086732924
1266,0.08299885309812273,0.06402605446395059,0.0867113
1267,0.08300050634631546,0.06402213317680072,0.08668837
1268,0.08305483681933051,0.06404270596794609,0.08669676
1269,0.08332509888509408,0.06416368302129362,0.086833686
1270,0.0832931255791671,0.0641440958553961,0.08679056
1271,0.08329652097826394,0.06414096222425096,0.08676846
1272,0.08338076707724512,0.06417544085964387,0.086794496
1273,0.0833174520581346,0.06414129864737715,0.08673264
1274,0.08334432987738474,0.06414910200567986,0.086724535
1275,0.08333346669776343,0.06413935467699283,0.08669385
1276,0.08339828537790271,0.06416480446378095,0.08670825
1277,0.08340165424582596,0.06416167243467945,0.086686
1278,0.08340527364867042,0.06415864939969212,0.0866639
1279,0.0834216799843873,0.06416155900480844,0.08664943
1280,0.0834019312019011,0.06414772022683232,0.08661343
1281,0.08336535627612371,0.06412605397419287,0.08656746
1282,0.08334413235613862,0.0641115289973663,0.086530596
1283,0.0834405238239519,0.06415169026425306,0.08656384
1284,0.08357718553651344,0.0642105610347388,0.08662093
1285,0.0835953873055227,0.06421434766932528,0.08660744
1286,0.08354339539395303,0.06418541262243042,0.08655205
1287,0.08350134520501726,0.0641611069743342,0.08650263
1288,0.08356036271902544,0.06418380481017852,0.086513415
1289,0.08356834977255401,0.06418280079402885,0.086493775
1290,0.08377604792251105,0.06427466064387541,0.08659318
1291,0.08387696070352915,0.06431684574516718,0.086628824
1292,0.0838823880405913,0.06431463253488998,0.08660753
1293,0.08417311639311198,0.06444504768681783,0.08675626
1294,0.08417879327674364,0.06444284646357676,0.08673486
1295,0.08429226683044996,0.06449076630623495,0.08677775
1296,0.08429717767925589,0.06448818966340798,0.08675586
1297,0.0844959342900508,0.06457577015825935,0.08684963
1298,0.08437511338209021,0.06451475492626374,0.08675273
1299,0.0843924483601795,0.06451800719618478,0.08673833
1300,0.08441979596614843,0.06452591429861035,0.086729914
1301,0.08443542796233236,0.06452836970801835,0.086714506
1302,0.08450048567899783,0.06455382136799684,0.08672862
1303,0.08453058153959192,0.06456300894833225,0.08672188
1304,0.08455533276681701,0.06456970857228088,0.0867119
1305,0.08445914967794921,0.06452017131772309,0.08662976
1306,0.08445959250216674,0.0645155756943276,0.086605355
1307,0.08444982346642266,0.06450623348420509,0.08657472
1308,0.08442351274550644,0.064489193348395,0.08653444
1309,0.08433883902601183,0.0644450159769901,0.086459294
1310,0.08420607410130028,0.06437848678988405,0.08635554
1311,0.0842073603275653,0.06437430597570215,0.08633183
1312,0.08419964575207639,0.06436593807853712,0.08630274
1313,0.08401184352145301,0.06427383215073479,0.08616619
1314,0.08415602633867787,0.06433611812682495,0.086227894
1315,0.08419139305609719,0.06434778943112845,0.0862246
1316,0.08419622195532822,0.06434525273965944,0.08620323
1317,0.08419309401717809,0.06433901444166308,0.086177096
1318,0.08439528755741657,0.0644282626584293,0.08627349
1319,0.0844256827065443,0.06443760516661379,0.08626732
1320,0.08587602356456113,0.0651071865004683,0.08710922
1321,0.08572201633843954,0.06503058494686753,0.08699204
1322,0.08613298740616783,0.06521669409165319,0.08721268
1323,0.08617237624500483,0.06522996694612218,0.08721104
1324,0.08618665829781065,0.06523156914584635,0.08719438
1325,0.0861837060737786,0.06522523248401901,0.08716756
1326,0.08877690663383478,0.06642610106512134,0.08869578
1327,0.09002798419820895,0.06700260243082058,0.08942039
1328,0.0900484552095636,0.0670067546244373,0.08940561
1329,0.09008803359884973,0.06701978915436212,0.08940224
1330,0.09009493928944287,0.06701763072217254,0.08937916
1331,0.09038295658803952,0.0671461839697646,0.089525044
1332,0.09039326918723553,0.0671455841049884,0.089503855
1333,0.09040579077763083,0.06714610726354674,0.089484066
1334,0.09052456982696397,0.06719601189608074,0.08952811
1335,0.09064839915548507,0.06724826003846919,0.08957519
1336,0.1015313658128891,0.07230338358855835,0.09613402
1337,0.10240878644573397,0.0727047532329674,0.09663528
1338,0.10273772566966692,0.07285099628639985,0.09680201
1339,0.10434220967227947,0.07359034387043381,0.09774749
1340,0.10487174308733063,0.07382964379168071,0.098036215
1341,0.10772062722573757,0.07514722785125176,0.09974563
1342,0.10771819059691172,0.07513863827604228,0.099707186
1343,0.108477693307521,0.07548426459067377,0.10013634
1344,0.10847383529094738,0.0754748511739145,0.10009657
1345,0.10855742616368094,0.07550610724569196,0.10011041
1346,0.10866741911545877,0.0755496751275185,0.10014056
1347,0.10930293740754728,0.07583759903434376,0.100493506
1348,0.10931967679280626,0.07583771774667077,0.10046595
1349,0.1099615884527788,0.07612849453608661,0.100822836
1350,0.1101818466025472,0.07622312738712608,0.100920156
1351,0.11036487875419082,0.07630043695049502,0.10099454
1352,0.11033205508832077,0.07627735346681314,0.10093592
1353,0.110563842497821,0.07637729500000001,0.101040155
1354,0.11061335624815098,0.0763924378080598,0.1010319
1355,0.11090502487938067,0.07652017720071869,0.101172835
1356,0.11167800650705333,0.07687168606841552,0.10161032
1357,0.11180716461308894,0.07692373737299535,0.10165061
1358,0.11180882121119473,0.07691645988016584,0.101612195
1359,0.1120343184641666,0.07701327162256315,0.101711795
1360,0.1120235619359169,0.07700019727266492,0.10166566
1361,0.1120248689209168,0.07699272385503447,0.10162693
1362,0.11222049684873693,0.077075610100296,0.10170813
1363,0.11273805325700885,0.07730816653796377,0.10198799
1364,0.11277245782610973,0.07731599980602213,0.101969376
1365,0.1127911317403637,0.07731650793441298,0.101941064
1366,0.11332987840113212,0.07755885023652465,0.102233976
1367,0.11334790466074725,0.07755899790803089,0.10220499
1368,0.1139125757713678,0.0778133392534137,0.10251385
1369,0.11394067421498635,0.07781810159880839,0.10249084
1370,0.11398249978800752,0.07782924010861322,0.10247624
1371,0.11408826442027215,0.07787010664802259,0.102501184
1372,0.11433993398238755,0.07797879189454762,0.10261631
1373,0.11463565414087293,0.0781079278001256,0.10275869
1374,0.11464647412872192,0.0781045535544106,0.10272455
1375,0.11465811734961295,0.07810156118866665,0.102690935
1376,0.11502333063464013,0.0782629744386936,0.102876216
1377,0.11504330121943393,0.07826381073961257,0.10284753
1378,0.11549152909139533,0.07846377997537626,0.10308413
1379,0.11557172788143848,0.07849258709210395,0.10309248
1380,0.1156353509633245,0.07851367605988889,0.10309051
1381,0.11596534120707705,0.07865861692666687,0.1032536
1382,0.11788121351722405,0.07954096418881583,0.10440114
1383,0.11782617486368045,0.07950662777003428,0.10432434
1384,0.12167901160333393,0.08128940206067407,0.10668075
1385,0.12262208125221816,0.08171870000465029,0.10722487
1386,0.1226011490941848,0.08169963805034981,0.10716668
1387,0.13286374898945086,0.08646233430295469,0.113568395
1388,0.14595649387295656,0.09253980193984578,0.12184633
1389,0.17063400003869458,0.10400246919328758,0.13779795
1390,0.17225104810477224,0.10473941089906684,0.13878997
1391,0.17462196383263656,0.105826703676513,0.14028001
1392,0.1747467990144568,0.10586913172709925,0.14028911
1393,0.1768609320310198,0.10683655138289914,0.1416119
1394,0.17693694255652653,0.10685597189328636,0.14158759
1395,0.17701855719703866,0.10687789006477626,0.14156684
1396,0.17835049160864594,0.10748117626550925,0.14237347
1397,0.17950586430161855,0.10800212659658956,0.14306319
1398,0.18160049786867888,0.10895952230398617,0.1443768
1399,0.18177582731239167,0.10902414495528664,0.14441568
1400,0.185466056446362,0.11072309940091973,0.1467943
1401,0.1863705174233095,0.11112626387213632,0.14731796
1402,0.192364254971765,0.11389576596080214,0.15125051
1403,0.19258941598380733,0.11398223875073635,0.15131854
1404,0.19322341431272294,0.11425870380454686,0.15166098
1405,0.19535123491316372,0.11522970661778721,0.15300882
1406,0.1960136926347016,0.11551908522786677,0.15337028
1407,0.19616878966107773,0.115572482294356,0.15338968
1408,0.19616937189250774,0.11555399499427535,0.15330479
1409,0.19639409707990774,0.11563969424932188,0.15337107
1410,0.1965925083132524,0.11571313210253875,0.15341944
1411,0.1966089847909557,0.11570199303929472,0.15334441
1412,0.1966105483749286,0.11568391570474551,0.15325905
1413,0.1967365453239117,0.11572369728196433,0.15325768
1414,0.19713755818347364,0.1158913457702344,0.15344186
1415,0.19860797391092905,0.11655622388842951,0.15434842
1416,0.1987082693683715,0.11658383729514352,0.15432882
1417,0.1990674524425804,0.11673179931211947,0.15448411
1418,0.19907408977630767,0.11671578637283911,0.15440086
1419,0.19907418784991227,0.11669670610278646,0.15431316
1420,0.19907299293623945,0.11667698598486215,0.15422456
1421,0.1992026970503881,0.11671813635129158,0.15422435
1422,0.19933101302132586,0.11675851938471873,0.1542231
1423,0.20025949308781127,0.1171709525175002,0.15476358
1424,0.20048244967261145,0.11725520509938044,0.15482606
1425,0.2005025444970496,0.1172449480352259,0.15475085
1426,0.2011192998340822,0.11751209080104594,0.15508008
1427,0.20153278125893206,0.11768464723707533,0.15527123
1428,0.20153540436336886,0.11766611434681004,0.15518342
1429,0.2015839822595867,0.11766900578190531,0.15512611
1430,0.20158433302521855,0.11764945908725936,0.15503602
1431,0.20217497479036756,0.11790438362210878,0.15534669
1432,0.20221040273724053,0.11790108743895567,0.15527983
1433,0.2028338180184589,0.11817120110339625,0.1556125
1434,0.20284814925825587,0.11815801950448361,0.15553086
1435,0.2029647392358532,0.11819238368432713,0.15551855
1436,0.20306362737853487,0.11821850015569986,0.15549418
1437,0.2032615495259442,0.11829064277555566,0.15553701
1438,0.20327651415342676,0.11827768301187883,0.15545537
1439,0.20327654897057512,0.11825777415902045,0.15536337
1440,0.2036036945202455,0.1183899769352689,0.15549392
1441,0.2037357400237408,0.11843140946282152,0.1554916
1442,0.20398664206663425,0.11852808720454691,0.15557012
1443,0.20402494534881827,0.11852587406222552,0.15550387
1444,0.2043724925447176,0.11866745605108432,0.15564817
1445,0.20441822249576053,0.1186686817747899,0.1555866
1446,0.2044211894826561,0.11865002033313649,0.15549594
1447,0.20468893593051546,0.11875448070359838,0.15558553
1448,0.20473549573037447,0.11875606109529868,0.1555244
1449,0.20490639064466606,0.11881544944230873,0.15554795
1450,0.20492272152320515,0.11880294763514541,0.15546606
1451,0.2049356034899957,0.11878879010660798,0.15538181
1452,0.20498737583406895,0.1187927211684282,0.15532418
1453,0.20498938672411007,0.11877350428917932,0.15523256
1454,0.2050143859225668,0.11876499568461758,0.15515658
1455,0.20502128204873007,0.11874807077149463,0.15506825
1456,0.20510243721819785,0.11876568233765064,0.15503047
1457,0.2059914189924324,0.11915891120322197,0.15554397
1458,0.20598804607366852,0.11913708038413443,0.15544835
1459,0.20609586579867703,0.11916695444548425,0.15542872
1460,0.2061115078306464,0.11915395987879848,0.15534602
1461,0.2061112061861907,0.11913356013339631,0.15525243
1462,0.20607631164135196,0.11909707988407811,0.15513526
1463,0.20688117359394356,0.11945107351672296,0.1555919
1464,0.20690753867217826,0.11944297925781173,0.15551627
1465,0.2069943368764879,0.11946297463768937,0.15548192
1466,0.2070281142497393,0.11945827365793663,0.15541127
1467,0.20705989306806807,0.11945263831220462,0.1553393
1468,0.2070598941824228,0.11943222360361513,0.15524545
1469,0.2070627604689844,0.11941314089887987,0.15515359
1470,0.20753553064372385,0.11961255681046157,0.15538321
1471,0.20772567345641585,0.11968050053300887,0.15541925
1472,0.2079387284301377,0.11975907853781964,0.15547097
1473,0.2079400821660616,0.1197391931284542,0.15537766
1474,0.20793135014314434,0.11971461742622522,0.15527752
1475,0.2079556167582504,0.11970539530860427,0.15519978
1476,0.20790351905775312,0.11966066591005303,0.15506981
1477,0.2079309118321815,0.11965290964884226,0.15499428
1478,0.20791314046509352,0.11962413003196612,0.15488787
1479,0.20789800745230194,0.1195965726975941,0.15478319
1480,0.20805565287669409,0.11964935841544233,0.15479694
1481,0.20800924264231016,0.119607232614511,0.15467079
1482,0.20803248704568134,0.11959742553770812,0.1545923
1483,0.20798355428218512,0.1195540584924458,0.15446435
1484,0.20790533242613046,0.1194970764377277,0.1543163
1485,0.20790315125145406,0.11947545992943961,0.15422045
1486,0.20791570047337027,0.11946069226188621,0.15413463
1487,0.2078436432232723,0.11940657518387923,0.15399091
1488,0.20773040632435344,0.11933331675031858,0.15381901
1489,0.20771122783170984,0.11930379964565173,0.15371153
1490,0.20770987363611051,0.11928256925156797,0.15361635
1491,0.2077568280788208,0.11928380601509565,0.15355429
1492,0.20774646213372894,0.11925838357411594,0.15345287
1493,0.2077638093660977,0.11924584652981929,0.1533705
1494,0.20777719524987787,0.11923146528323983,0.15328546
1495,0.20780836122047028,0.11922535153298734,0.15321255
1496,0.20780485531456444,0.11920311158602015,0.15311576
1497,0.2078049088220996,0.11918251895680751,0.15302145
1498,0.20778163077774092,0.11915107232799224,0.15291114
1499,0.2077335686625916,0.11910810136179681,0.15278375
1500,0.20771542281741345,0.11907905042333608,0.15267695
1501,0.20768062610348267,0.1190422584505312,0.15255868
1502,0.2076628177966599,0.11901336254282173,0.15245214
1503,0.207653802498576,0.11898855452012695,0.15235166
1504,0.20748014434597234,0.11888719545409698,0.15213819
1505,0.20789396997889265,0.11905902981546268,0.15232791
1506,0.20780340783745027,0.1189962817633918,0.15217121
1507,0.20777044869217628,0.11896033092192365,0.15205412
1508,0.20474571043950812,0.11753323796030132,0.1498864
1509,0.20462277471903825,0.11745580124716119,0.14970924
1510,0.20483962670549366,0.11753637161321925,0.14976464
1511,0.20535629902962746,0.11775633213341695,0.15002535
1512,0.2020495569498879,0.11619838170348662,0.14767006
1513,0.1990954392675673,0.11480480126448527,0.14556324
1514,0.1992111567664661,0.11483902596788698,0.14555167
1515,0.20040611434336714,0.1153750654678691,0.14627577
1516,0.20087234137243767,0.11557212000751164,0.14650284
1517,0.20081198650726584,0.11552426001403465,0.14637034
1518,0.20047556074953776,0.11534803169817748,0.14604951
1519,0.2007727422574416,0.11546646680161009,0.14616127
1520,0.20044864519857986,0.11529597848372042,0.14584883
1521,0.20048468772830705,0.11529298824069298,0.14578238
1522,0.20085186312041967,0.1154439987348721,0.14594194
1523,0.20096542773570145,0.11547703894991432,0.14592826
1524,0.2010149014621065,0.1154802696054118,0.14587075
1525,0.1997399031448362,0.11486762856217307,0.14490925
1526,0.19985077697611572,0.11489954911487235,0.14489412
1527,0.1998149534649925,0.11486324436601512,0.14477894
1528,0.19984448506313096,0.114857327846418,0.14470832
1529,0.19984128416366967,0.11483619233748138,0.14461541
1530,0.19984134256046887,0.11481658504011048,0.14452472
1531,0.20009811079390455,0.11491634492291299,0.1446093
1532,0.2001398653706548,0.11491609741394568,0.14454705
1533,0.20010883590278636,0.11488189996355166,0.14443505
1534,0.2000671162995301,0.11484272740770146,0.144316
1535,0.1999648050722668,0.11477538225157827,0.14415568
1536,0.199958912306254,0.1147528853160534,0.14406127
1537,0.1999943506120564,0.11474959912691923,0.14399517
1538,0.20006361923135102,0.1147620422603209,0.14395219
1539,0.200009097184972,0.11471688834707773,0.14382456
1540,0.19998520542038464,0.11468598282244913,0.14371797
1541,0.2000274547023544,0.11468584044615426,0.14365666
1542,0.20014322997091535,0.11471988900413621,0.14364552
1543,0.2002494078382276,0.11474945065944403,0.14362791
1544,0.20024653435552628,0.11472829327046197,0.1435357
1545,0.20008641615012496,0.11463401965984941,0.14333604
1546,0.2001295901410082,0.11463429953087417,0.14327545
1547,0.20012181011969055,0.11461088083818083,0.14317997
1548,0.200131362189824,0.11459551322407166,0.1430965
1549,0.2001189645935884,0.11456993955370812,0.14299797
1550,0.20011233374969012,0.11454704942195351,0.14290354
1551,0.2001001456304177,0.11452158105655116,0.14280519
1552,0.20010082985898747,0.11450210011908245,0.14271563
1553,0.2000887473133197,0.1144766751686595,0.1426174
1554,0.20011848140194705,0.11447069695331702,0.14254777
1555,0.2003350346904245,0.11455156988070903,0.14260586
1556,0.2003259750248173,0.11452750826510806,0.14250964
1557,0.20024702655021945,0.1144709499161748,0.14236559
1558,0.20032482120198555,0.11448727456340531,0.14232884
1559,0.20038112492145133,0.11449359585524628,0.14227729
1560,0.20037389487840415,0.11447034667424538,0.14218225
1561,0.2004509247325396,0.11448627382088306,0.14214483
1562,0.2004340028649569,0.11445849865520011,0.14204316
1563,0.20044873505447644,0.11444544391867345,0.1419631
1564,0.20049995242309004,0.11444937349821643,0.14190811
1565,0.20059990532594266,0.11447594945893907,0.14188655
1566,0.2016028713063492,0.11492241736592959,0.14248349
1567,0.2017705350220509,0.11498036065594316,0.14250791
1568,0.20217652874625655,0.11514901240987202,0.14269565
1569,0.20265221598536545,0.1153500264904986,0.14293104
1570,0.2027823244383447,0.11539029492450392,0.14292936
1571,0.20310528759926955,0.11552021833562116,0.14305991
1572,0.203623209606052,0.11574075462473558,0.14332423
1573,0.2036898065453701,0.11575134213294283,0.14327852
1574,0.20375859296097895,0.11576293766992482,0.14323427
1575,0.20388647536750906,0.11580203939187125,0.14323062
1576,0.20389271511232965,0.11578455539274769,0.14314343
1577,0.20410899193759915,0.11586470673143048,0.14320055
1578,0.20403145913415216,0.11580823213251684,0.14305563
1579,0.20401801309601464,0.11578155991756038,0.14295489
1580,0.2041267424915865,0.11581168045783816,0.14293803
1581,0.20416186747395595,0.11580756555231458,0.1428706
1582,0.2041822141191129,0.11579657383390835,0.14279296
1583,0.2041755292125705,0.11577300856993175,0.14269666
1584,0.20432266996246012,0.11582101612357834,0.14270627
1585,0.2045523414219925,0.11590735302564951,0.1427725
1586,0.20463530777603808,0.11592542595417878,0.14273761
1587,0.20460564509859236,0.11589108900766831,0.14262544
1588,0.20459263867821847,0.11586450059746967,0.14252469
1589,0.20477921195523505,0.11593072400817431,0.1425613
1590,0.20480491561540148,0.11592210018804451,0.14248706
1591,0.20508919193318745,0.11603371851300628,0.14259085
1592,0.20509580678361766,0.11601619222410599,0.14250334
1593,0.20513969123526007,0.11601599530047105,0.14244148
1594,0.20518074246784573,0.11601447504846266,0.14237761
1595,0.2052194926037473,0.11601188756802053,0.14231224
1596,0.2052244615803641,0.1159935790116793,0.14222331
1597,0.20538852141144112,0.11604927624737635,0.14224409
1598,0.20538293045995026,0.11602606930713683,0.14214785
1599,0.2054020450025496,0.11601434843854486,0.14206868
1600,0.20544999585626866,0.11601603648194854,0.14200933
1601,0.20587511355699206,0.11619309556807664,0.14221016
1602,0.20671541238512806,0.11656316233037309,0.14269723
1603,0.2069478109327729,0.11665046469486559,0.14276464
1604,0.20712839073103825,0.11671375047063168,0.14279607
1605,0.20712887903271246,0.11669327641965657,0.14270307
1606,0.2088872407837652,0.11749019220230772,0.14382508
1607,0.2088722316072465,0.11746230231687792,0.14372042
1608,0.2084717562992072,0.11725520770740641,0.14334919
1609,0.20875153845164848,0.11736450769318757,0.14344864
1610,0.2087000948455772,0.11731994808919816,0.14331895
1611,0.2094126818459775,0.1176306939845472,0.14371805
1612,0.2096758593904352,0.11773236654646864,0.14380586
1613,0.20967614657779535,0.11771166357836219,0.1437114
1614,0.2088968101341616,0.11732842810451638,0.1430771
1615,0.2085764003874516,0.11715889280907509,0.14276123
1616,0.20888415661885895,0.11728152717675172,0.14288032
1617,0.2088925133862339,0.11726493429456461,0.14279205
1618,0.20891667719682985,0.11725571876993097,0.14271472
1619,0.2097863499813846,0.11763965707975155,0.14322305
1620,0.20984272781611452,0.11764534045648578,0.14316767
1621,0.209839363433147,0.1176231939462666,0.14307074
1622,0.2100908715671195,0.11771958192987826,0.14315061
1623,0.21006372524419456,0.11768636996073285,0.14303714
1624,0.20533810048563286,0.11546842430355984,0.13967264
1625,0.2049155461135577,0.11525193176707958,0.13928846
1626,0.20516997806076104,0.11535026444566458,0.1393718
1627,0.20462834202603009,0.1150783808397067,0.13890547
1628,0.20441590955029587,0.11495963679150756,0.13866681
1629,0.20292659714464734,0.11424717776490664,0.1375476
1630,0.2030240588522067,0.11427271559312985,0.13752338
1631,0.2026118535433259,0.1140612470538178,0.1371479
1632,0.20269309634490906,0.11407926816391142,0.13711277
1633,0.20265280516495385,0.11404077855649473,0.13699377
1634,0.2027560510866512,0.11406898113893053,0.13697365
1635,0.2026735619092532,0.11401081136235391,0.13682543
1636,0.2026724728953418,0.11399048723973532,0.13673332
1637,0.20251682467866536,0.11389831039367918,0.13653457
1638,0.20239611936031893,0.1138224074404496,0.13636008
1639,0.20269379143740154,0.11394104421136865,0.13647401
1640,0.20272668619447,0.11393652865385909,0.13640521
1641,0.20273200216297527,0.11391918398503069,0.13631745
1642,0.20272355697828826,0.11389544625971461,0.13622013
1643,0.20260423025585625,0.11382014731596707,0.13604632
1644,0.20237603212486124,0.11369423833654646,0.13579749
1645,0.20239073033079827,0.11368131885929372,0.13571624
1646,0.2024347921088997,0.1136820527549946,0.13565527
1647,0.20236725891565274,0.11363086338694131,0.13551733
1648,0.20250391382256305,0.11367463147018213,0.13552016
1649,0.20258491213456026,0.1136925027273176,0.1354846
1650,0.20263713095514127,0.11369698672711973,0.13542908
1651,0.20234563803378008,0.11354163030652178,0.13513634
1652,0.20243950078752093,0.11356558194012378,0.13510971
1653,0.2030498243122376,0.11382967035417034,0.13543959
1654,0.20276830455747602,0.11367897616866843,0.13515347
1655,0.2030190782732841,0.1137758299693024,0.135235
1656,0.20272077131153596,0.11361731055800034,0.13493724
1657,0.2027030572161836,0.11358929617946328,0.1348334
1658,0.20267502776689472,0.11355648707500882,0.1347224
1659,0.2029761297361788,0.11367672243870258,0.13483873
1660,0.20289314118587654,0.11361833255113168,0.13468969
1661,0.2027415535007335,0.11352806018867814,0.1344933
1662,0.2029202151558842,0.11359137147339002,0.13452505
1663,0.2029228839708652,0.1135728323419147,0.1344352
1664,0.2027260236037697,0.11346151963148254,0.13420759
1665,0.20278107563814826,0.11346736654227774,0.13415408
1666,0.20253944841050514,0.11333526176217906,0.13389556
1667,0.2026130905881389,0.1133497620779598,0.13385497
1668,0.2026266963237646,0.11333633214236231,0.13377292
1669,0.2024700764318185,0.11324374243906944,0.13357341
1670,0.20146872944042404,0.11275834726072681,0.13279055
1671,0.20148430774697007,0.11274599320780662,0.13271056
1672,0.19936635574854106,0.11174158417764017,0.13115904
1673,0.19878906325567866,0.11145380832538528,0.1306715
1674,0.19887147669967106,0.11147285553120273,0.13063872
1675,0.19213728669039828,0.10832222438461113,0.12592416
1676,0.1824379923885076,0.1037936358725284,0.119225904
1677,0.1597056618606323,0.09320591886780681,0.10388096
1678,0.1580405761209336,0.09241693682734531,0.102705345
1679,0.15548484246050695,0.09121401885351521,0.100942895
1680,0.15539025015887314,0.0911558088962641,0.100811824
1681,0.15322075004483945,0.09013279040394154,0.0993097
1682,0.15330405716757095,0.0901575587296161,0.09929733
1683,0.15375594558467715,0.09035370421934072,0.09952825
1684,0.15225398166737802,0.08964127605736275,0.09846927
1685,0.15107701769188142,0.08908014485246847,0.09762649
1686,0.1486907770353136,0.08795683411736048,0.09598985
1687,0.14848489706145615,0.08784765690274028,0.09578942
1688,0.14416443441613658,0.08582525703042757,0.0928909
1689,0.1432101549729004,0.08536861577359808,0.09220393
1690,0.13525456143994655,0.08165654042854725,0.086960554
1691,0.1350224094953425,0.08153671847292741,0.0867517
1692,0.13445021893619966,0.08125880895133138,0.08632262
1693,0.13164471795629448,0.07994249785912902,0.084448904
1694,0.1307650499601522,0.07952200669755638,0.08382417
1695,0.1304777249780024,0.07937703656042873,0.083582714
1696,0.1304954309173915,0.07937394508578455,0.08353832
1697,0.1302614173612768,0.07925379713165565,0.08333138
1698,0.1299699788147982,0.07910697402493527,0.08308759
1699,0.1299447628985888,0.07908398618506372,0.08301571
1700,0.13000161636145802,0.07909916247990031,0.082996875
1701,0.12986416737577106,0.07902398055568419,0.0828526
1702,0.129375799732785,0.0787856403918326,0.08248201
1703,0.12718423852828484,0.07775538458082752,0.08101447
1704,0.12711493430811002,0.07771222445371602,0.08091578
1705,0.12655447703775344,0.07744069713365927,0.08050096
1706,0.1265986332262589,0.07745037971104568,0.08047542
1707,0.1270633845510399,0.07765563925657316,0.08072057
1708,0.12726731090774146,0.07773958102388269,0.08079767
1709,0.12709026421522832,0.07764635005597546,0.08062938
1710,0.12690516799425258,0.07754939479496387,0.08045606
1711,0.12577380495606882,0.07701245265279646,0.07967414
1712,0.12544180503655766,0.07684733841065312,0.07940723
1713,0.12547563062738273,0.07685236730179373,0.079375654
1714,0.12447872009012367,0.07637812302747544,0.07868175
1715,0.12387927367391804,0.07608881640562119,0.078244045
1716,0.123877474735236,0.07607748156464472,0.07819031
1717,0.12454456142843295,0.0763771609801635,0.07856609
1718,0.12459163310595806,0.07638843376282561,0.078543544
1719,0.1236480591954563,0.07593906056174743,0.07788488
1720,0.12399033985235415,0.07608771995670195,0.07805228
1721,0.1230459022965563,0.07563809351835062,0.077393666
1722,0.12307662369755325,0.07564204547605309,0.077361435
1723,0.12294917357429015,0.07557244606460686,0.07722773
1724,0.12284029452942252,0.07551149661394296,0.077105954
1725,0.12251785772686395,0.07535124004780677,0.07684752
1726,0.12252120823436564,0.07534249126372829,0.07679817
1727,0.12255714331794824,0.07534891515915837,0.07676974
